file_index,PC1,PC2,PC3,PC4
1,10.717171662568305,2.2481662839715715,0.393660817407195,1.4862734886779205
2,11.514000413344421,3.0342622899071108,1.6687528194123633,1.7889246149479374
3,7.72455200794885,-2.0644600897798995,-0.9818326705980157,-1.438402591075373
4,1.2103563533781605,-1.9321595594143859,0.15064539067879051,0.4795831549870068
5,8.835767879491668,-0.3483210863165769,-1.2093755577114582,2.821949770705802
6,9.8795257210253,0.47512012848939,2.119773873737281,1.0233556637217247
7,7.370478184905693,-2.445894131401322,0.14399857557030787,-0.3201807615770468
8,11.541168795579681,5.079347055938688,2.6968043400771746,-0.08469348634607282
9,8.145709657916605,-0.18865603081209892,2.3129073192082803,-1.4811824926965387
10,7.959018368476978,1.924008173111774,2.2331278058453163,-0.12751692803466463
11,9.210277133790006,-0.49878823808419015,1.7442705608730706,1.1787438288404601
12,9.241120768686798,-0.8636490815241658,-0.26776854557890606,-0.37808965884575685
13,9.486192832303205,-0.36776641848577374,-0.8606258951062322,1.319627317725232
14,6.4756713961340635,-2.886799255797606,-0.6491137031794133,-0.2821002854028116
15,13.088896891618333,5.416248034879491,-2.220923757167335,-0.04603652419049663
16,3.9049836516867082,-2.5693832732893007,1.4662055254304043,0.19528197072709194
17,4.846533467915503,-1.42928886954847,-0.08376269790546452,0.987201002045741
18,5.584883168370735,-2.055260033364047,0.7371115256366795,0.954847580090807
19,7.424310667302735,-3.0245403944028113,1.0655183755966413,0.9567561973290267
20,7.113568819497353,-3.5988169588518835,0.678940463976343,0.04485013642492778
21,11.34502939841259,-2.5713383980791287,-1.4090788358300854,-1.66858631963665
22,10.283714116454949,-3.2389553643458364,1.2511796419866374,0.6882629120358508
23,8.91281106675158,-2.862010506778866,-0.04210720633289024,0.8304768422490146
24,-1.7327565296832073,1.0237653018635524,0.183167608373557,2.136513719390327
25,-0.05125519670811496,2.9656636584778266,1.4257211031315404,1.6573195148594306
26,-0.8943616655886555,4.26685428635298,2.254996680995855,0.14718413196088603
27,-2.5771730104130963,2.070039525923252,1.374858201863357,-0.5668144483404514
28,3.5567633807689725,-2.426499300518744,0.5805115582334369,-0.30433424851437174
29,3.071329776005724,-1.0595935204244358,-1.1343375185561182,-1.1848783491229058
30,6.237139032545016,1.5152248201958123,-1.3310478224732756,-1.5967488909993217
31,9.705049557176288,10.494898071996976,-1.8819956688890773,2.7467328510589297
32,1.1465465670106896,2.687004768849963,1.9826904480225749,-0.3532981996393673
33,-1.0834973869888462,-1.6633126460803298,-0.11573397211084152,-0.33585442125888465
34,-0.6020740075496526,-1.6162503114663493,0.0704386378044083,0.201556562356513
35,-1.4512894135303103,-1.0321946209241704,0.3871093592924447,0.5616309562976766
36,-3.5125204295383763,-0.44589018585266826,-0.21158235353762334,0.18403340794533868
37,-5.231867587835853,-0.054493810761641955,0.5648768053847628,0.17561969093389695
38,-5.160904723603411,-0.5246108416500735,0.3515046817462495,-0.06821352792370461
39,-6.135513841236496,0.05386458915289495,0.18306820835957946,0.3718618995565881
40,-5.83478903825924,0.3152845487223579,0.015256673880661539,0.6518028501050178
41,-5.58877210445835,-0.4794523625650891,0.10409869474532307,0.09892379234399486
42,-5.320219115256947,0.5168734677186424,-0.129487985331309,0.22001391810605248
43,-5.582307576371866,0.7459931007466514,-0.00841203833277925,0.2936794565122021
44,-6.272677607181804,0.4688954379101836,-0.31194013270509396,-0.06325678546710332
45,-6.437674998377227,1.1269446924708304,-0.6042814153851728,-0.12174481723002326
46,-5.847508920155466,0.15974589170622044,0.1316723785212673,0.12931497987424456
47,-5.738915064633108,0.12712619009459353,0.22576077427712937,0.19302433980723807
48,-6.0681706544432705,-0.12176759788449824,0.2195559363617048,-0.027640601587955293
49,-6.101688681173883,0.5439220361435931,0.17959110172329565,0.49448327854479956
50,-6.635663333863008,1.0944643562996208,-0.3396273703177158,0.13379749556711773
51,-6.864298451560149,0.9768208008664094,0.3827268252574005,0.36136623829428155
52,-5.751345155200038,1.2283031625559795,-0.2675664187619862,0.18758231329781952
53,-5.97643788387104,-0.7326178481318074,-0.059825911690235316,-0.06929091314619808
54,-6.6566404133078585,-0.12686334506240823,-0.7470558381918004,-1.0024036032787909
55,-6.665894952955176,0.5405430689166436,-0.49286514127068004,0.09235950197092542
56,-3.1830767505000597,2.204232851884999,-0.8704132287070404,1.3631049015236234
57,-4.315679931049625,-0.1357827195061684,-0.06339363772929553,-0.22915124604836326
58,-4.7007691573919,0.4444369726436899,-0.10921512328274148,-0.0369177361464568
59,-5.163288413791346,-0.3102775048404918,-0.3303375877875943,-0.4221754951810977
60,-5.831505680906788,-0.5523830446389784,-0.10358751961136939,-0.11195799687421845
61,-6.107742532490959,0.4374107269315511,-0.23474099550489505,-0.7761517625483498
62,-6.8447728719904255,1.4142479947496607,-1.4698682735039732,-0.8926759192267942
63,-7.2654969414098725,1.7608550395702347,-1.756278944154314,-1.5802221294117365
64,-5.671216464908915,0.5137381965431348,-0.4267693225594083,0.5470240759434797
65,-5.887556291164949,0.3656305105206891,-1.1971738230273978,-1.4311008485816088
66,-4.881241840110851,0.5247142652734075,-0.7800408545599042,-1.0040589041156585
67,-5.066707365693022,0.2790969810073361,0.11557487451372234,0.2528642672152216
68,-5.456020325289782,-0.06266833047937834,-0.0010571074805096365,0.28910001892921944
69,-2.813023470443207,1.6030326160671782,-0.6858606369229265,1.0945602416844518
70,-3.9689441630398656,-0.4661637646680194,0.0654587246978078,0.03913545780377995
71,-4.595196798910415,-1.0418882795837452,0.2084623404715977,0.07249944403643523
72,-4.796567482690898,-0.9871657348179218,0.3690869832850624,0.3270911587407493
73,-5.12090326900343,-0.3256482122960903,-0.04906341215376993,0.4851951931658767
74,-5.39065327575064,0.9991182768945617,-0.601532605883816,0.3609571107799487
75,-3.878195324795348,1.5892777346734492,-0.5879591746126017,-1.1471921080643557
76,-0.4231439670905378,0.1818483608822161,0.8833215766374827,0.3735699319899844
77,-0.8781973673605947,-0.6817714249643255,1.0628676062435976,0.028506677563140955
78,-0.7395350472215544,3.5459324359233904,1.8321672953514903,-0.3086605607669222
79,0.24491119518255994,1.9370012802406562,0.6149928571439566,-0.21793635349031584
80,0.9202628721220478,4.259751771254259,4.167119468755557,-2.1712282688133344
81,1.3574574790884326,3.239702553388548,3.131936464880762,-3.5336818676314357
82,-0.4470966287146297,-0.9209939490072132,-0.8682795220711508,-1.0366677120723895
83,-1.2504884194976098,-1.2393720145371756,-0.24911656012267985,-0.7581428314852363
84,-1.7559119733576198,-0.8973647999129296,-0.21857643346082328,-0.6645438623498309
85,-1.8248851013028489,-0.4405625829317335,1.1993782820856402,-0.14337675579406556
86,-3.5711611595686708,-0.7202653184596491,0.09256842115159725,-0.10173088884342298
87,-2.119694778263449,-0.5006477364302472,1.1832720785271094,-0.18696538854428807
88,-2.3996944737158623,-0.7855129311345088,-0.2002944643757465,0.5301814643421109
89,1.5972949824168867,-2.018873684942173,-0.14678437427566776,-0.5042570825482158
90,-2.870114813254006,1.4508767314388922,1.3611751644454106,0.39282636436509666
91,9.228772669757523,3.1589085313423317,-1.3605370108763135,0.27853300737242365
92,0.7153813087183468,-1.6329795335003876,-0.4146209345371861,0.050410922889255846
93,6.232159127904618,-2.7103347709083927,0.07192715792310887,-0.21624933762342008
94,10.939961558764882,-1.386794286663602,-2.2219863985898587,-0.328475953258273
95,14.877932255337186,0.2690900694279854,-1.7118290587634606,1.0422432075233126
96,11.517356449674896,-0.5769220606881444,-2.2767359385059334,0.6864760681788501
97,3.676577772880588,-2.5814043794304475,0.4446690472932076,0.40600735917357544
98,4.981623447570051,-2.347316437901404,1.296315863916106,0.657651587320177
99,17.98483662811634,0.12308657199596823,-2.2132317200022333,1.6571110673599772
100,15.092170243467569,7.735552660389402,1.4961002126790974,-0.5104529627595019
101,8.626360605397418,-2.2648445981106504,-1.1225723361203541,-1.027606807150967
102,6.520037808519408,0.08786332991556857,-0.2440942310553547,-1.1463220867478017
103,9.3972914452397,2.7939608137142398,1.466102592802756,0.05425318503555438
104,13.852032355095295,8.084009888191606,-3.050950232282757,2.3900945894277386
105,5.254806597607721,1.473016345424836,3.6116038921831133,-1.138603977198096
106,0.7477888832780736,-1.8362312505334175,0.2137341559448717,-0.03865731948892484
107,9.822958729097357,-2.4357261612701633,-0.23168346645584112,-0.19726314808734596
108,10.31650502845753,3.3642754603862577,2.6261012715243246,-1.558744556626099
109,-0.4131208867980384,-2.073408357038694,0.5548970164214495,0.2896892818338933
110,-4.691729848124398,-0.5815928263952338,0.6755652076889482,0.05142280611194166
111,-4.074596817792178,-0.28535099559138943,0.06239012562895965,0.1240319979072435
112,-3.1849732262465085,-0.5881234080613061,-0.11667937041583838,0.03444341152658675
113,-5.901605619352579,-0.12577108688318328,0.3075662793207985,0.2134621618532524
114,-6.711016366003849,-0.02128334590342703,-0.013545976173564463,0.5543301968734311
115,-6.2695702193266385,0.322071729632442,0.4249860538734983,0.4762541035514935
116,-5.626236689231502,0.3919008650648876,-0.6190774209389861,-0.07678132694781287
117,-4.718699132944683,-0.6803042051075856,-0.016613920980684344,0.05261919355039001
118,-5.730544919521612,-0.29301235653065955,0.11487613050557072,0.043129976920980966
119,-5.6288780087200845,0.4228165120599689,-0.18538015836090857,0.15626792976878226
120,-5.294788226091589,1.2390483950438165,-0.5707516120972949,0.1521333486479704
121,-6.032787030063293,0.6190610579109159,-0.37272008481418517,0.301696465095253
122,-6.406766948687741,0.23348095788354326,0.1551419170685372,0.2629317743573847
123,-6.131744133784574,0.8062992301822353,-0.7025213096177613,-0.09252232313108306
124,-5.45421349880469,-0.21564719341930122,0.25314376949614603,-0.07680308515275061
125,-8.302151834929262,0.12284940985355108,-0.10869667390820757,-0.22448255706149453
126,-6.326417035124218,-0.12257181837713067,0.38027461182770583,0.45596724956414353
127,-5.346263841988295,0.3765243412549859,0.13475799751473597,0.040091727755115235
128,-5.740636222986705,0.42633435845577056,-0.09620107400710419,-0.1814657690932362
129,-5.654728812713987,1.9010352720200172,-0.4376358268089306,0.6741893375399747
130,-6.186059810821162,2.4015533553609023,0.6440102627857562,-0.10636746029948696
131,-5.335224982385067,1.3026836475291146,-1.5309140184328371,0.413719861898943
132,-5.605123386843329,-0.5354013568013648,0.22850337725468095,-0.015751331175759845
133,-5.524596424902361,-0.1390199528833347,0.07221038575810176,-0.1333282042247483
134,-5.586133722310801,2.097269807077572,-0.5906336846052519,0.4460792347831927
135,-6.64065836955512,1.7385326306039064,-0.273954199007419,-0.7258816765125108
136,-6.22213824333216,0.5235248983744313,-1.604417079747961,-1.2975045070070548
137,-6.088026412117923,-0.26054359457035153,-0.4914517831190304,-0.4603289478066352
138,-6.326397562866474,-0.07997101258119878,-0.178658616319137,0.2539566110704256
139,-7.241163917609987,0.6971261546858593,-0.4176480112099375,0.2045221295169324
140,-7.54465906634435,0.3943864710406341,-0.06462784673938594,0.04337023886236909
141,-5.484064069550824,-0.09420236233609591,-0.35384678666490893,-0.23302880154531816
142,-5.410750087567307,0.6796457422695968,-0.5692806496427136,0.350810441178093
143,-6.129874548086297,-0.12548292495929497,-0.742729666451392,-0.7871524232050272
144,-6.769754698320426,0.7330153224263741,-0.37603719976080424,-0.29591218528244195
145,-4.915999344513836,-0.7876550740944107,0.20185555979947634,0.25908872090546486
146,-4.993126301277513,-0.36160325893612993,0.047900269738760326,0.08476351198502538
147,-4.196886288999251,-0.3146535466190039,-0.7042541144252096,-0.7561058059871842
148,-3.4427705084710998,0.937022666526349,-0.8330581574496156,0.6672775463323563
149,-5.2528107048501305,-0.3041484387462969,-0.008175284939073536,0.33880433599872484
150,-6.110830959796092,-0.3340518712736522,0.19273076233997455,0.18794738723524723
151,-6.494700833124949,2.4249842829142643,-0.7523892733424328,-1.8771274511313085
152,-4.142910535709285,-1.0089088910026598,0.26722297494981123,0.2667224482599748
153,-3.922485595770722,-0.4485493579710566,0.23031388876506165,0.06671187597368386
154,-4.154293712958308,-0.2181887864785496,0.2784785900880095,-0.48695335657857663
155,-3.8209159911581336,1.0187424401218343,0.1630978341395774,-0.3190641753586066
156,2.1851905683444413,-2.0595703979770876,0.11463952851911305,-0.06061514099976955
157,3.0641541132168917,-1.0614240803392738,0.5079143191863781,0.21660754870700216
158,1.6168699710046401,1.2741551160031246,0.8035247727367638,1.7391349718608835
159,-2.8076171041778775,-0.4480372565258901,0.7271865339436449,0.5598237573035603
160,3.066886593333706,-1.3532147749772507,-0.30235167067369506,0.47520098586461385
161,5.91506603793642,4.52217114467498,0.5161524993571153,4.708639509524488
162,10.622541178442527,-1.1858945201453372,0.611754074219939,0.7445405255826609
163,3.198259384524414,-1.9665299829871472,0.9481355396438582,0.14920355891407375
164,0.9618222137453666,-0.7173635284911185,-0.003537446739722801,0.38878073719737327
165,1.7874926253594898,-0.888462983579801,-0.549767412721932,0.45054446531955594
166,1.4814932735510722,-1.1154569517142916,-0.5255803388612326,0.5222278512322482
167,1.873974905320278,-1.5758654827308693,0.6174164304510392,0.30928734717822604
168,1.8641455217278606,-2.138150416129149,0.16640780784584452,-0.05619221390971266
169,6.320177908488962,-2.681542187124351,0.317046762163914,0.429457348711088
170,6.414453395305362,-2.203236941259219,0.651711322555679,0.33190911673515705
171,8.238311724409078,-2.86738578815583,-0.6356105250921661,-0.7514652814344872
172,7.45302593497979,-1.9620620435601677,-0.04890495583092709,0.23404116713669898
173,5.94303474815267,-2.353307559474263,0.5808656610558071,0.39117735981443286
174,7.940105428808632,2.7175097396156684,3.2146421755783554,-2.254890861730899
175,3.469478415794029,-2.4309316368314584,0.4537987940243089,0.11625482572215527
176,12.322717726652733,-2.1425589538957994,-0.15909565687953392,0.48295635126699205
177,10.684384625767834,-2.5018157447002305,0.26780868893903853,-0.24859494184900768
178,8.737478378535462,-1.8742220034885952,0.4947705222240441,1.1954806698044043
179,6.876979472588359,-1.3571280530092487,-0.31162820429667076,-0.1664191789986383
180,5.805050429982519,-0.560676887152564,-1.0557350321243866,-0.34836920248108133
181,3.6417937111117995,-0.7146545152035527,-1.163989527333239,-0.728909894989841
182,4.834007120957527,1.4710723365393832,-0.4044677689453088,0.35095655684275895
183,1.164657500403046,-0.8322516783670904,1.7681971025907597,0.10505416973855337
184,10.114695158026823,1.4292417260706327,-1.1402173051509725,-0.20656929921766812
185,5.8180119905312,0.7280747512159012,2.4824906716083017,-0.42485303538443625
186,4.300697885853187,-1.7894301544032847,1.5007803631174172,-0.836187724470606
187,2.698903512598514,-0.3742264604983088,2.4230986172703823,-0.1472898296154585
188,-2.615635331110235,-0.7280779463062907,0.13623175963057113,0.2846466072154061
189,-3.5600500178514816,-0.7364887859002281,-0.02818778942851067,0.20676915485872033
190,-4.1213520023130235,-0.4221712281099336,-0.23413640446904974,-0.15463331100073474
191,1.88877527568824,-0.7295318805966128,-0.5603761015254686,-0.8837944608093481
192,-3.563198240509209,-0.021323309059627503,0.6172347329763511,0.22720253616195943
193,-2.232953368028765,-0.12391095912549131,-0.22815559185449177,1.1697276348396008
194,-5.345124549694839,-0.37127515672966155,-0.1417147729179468,0.4467651616810943
195,-5.999248964884668,-0.1522380476267758,0.1896798367599552,0.5518672221507478
196,-5.092032101704501,-0.6297174753118332,0.26767967929291564,0.2427831578878983
197,-5.418972061085576,-0.5304937688606768,0.2148084518420357,0.2212344378115025
198,-5.353021138152063,0.35629136551641954,0.36883997204526026,0.3376385792260398
199,-5.104176382101738,0.4317247815432129,-0.05800659386925109,0.4576524862136836
200,-4.895928506130432,0.20624743637308648,-0.2652196825834434,0.10321917071840439
201,-4.8547528668316104,-1.1234958799833985,0.21755170279441624,0.1393788125097058
202,-5.055593517109615,-0.8313158815279812,0.32803735836440984,0.1514084928427362
203,-5.594340439936747,0.3427886190734747,-0.07524566487852716,0.44454620098319064
204,-5.5863176018247245,-0.3453861976411161,0.37257852691881294,0.3355440257451406
205,-5.785246291631464,0.5466257561259882,-0.18941399115793064,0.012508376052634275
206,-5.017562179505895,0.8675849105282684,-0.3649580349379457,0.4845325926666102
207,-8.179577071683633,0.8779791110418275,-0.5869237994352886,-0.4006301366115996
208,-8.543396924893008,0.701022148799302,-0.0537435509952235,-0.6263455091175009
209,-6.7830429333189,0.37965576855068406,-0.3350240356638909,0.07617687926096618
210,-5.018298706654632,1.4706728099651325,-0.0027629795400439167,0.37610151950137666
211,-5.091874332496038,-0.03288273480280555,-0.3663748094817149,-0.009216755712007035
212,-5.5508467474330745,0.34474989069095424,-0.18849585101855004,0.13400615951706427
213,-6.224154432363142,0.37102734900891515,-0.1411083741990454,-1.0086004875529573
214,-5.938946589087448,2.935405788007443,-0.7176696182276666,-0.043250547222069655
215,-7.789032099717718,1.2318361825920512,-0.7768141147408463,-1.355510164331988
216,-5.136897049358547,-0.14587122981282952,-0.383954443525841,0.17802333062298048
217,-5.786509562006544,0.7387010030749237,-0.4049283529691591,-0.19472743901871975
218,-5.309281458160945,-0.32294713371349204,-0.020860876789110906,0.28588125391863406
219,-5.300867727563301,0.0641928815016412,-1.0227289356616327,-0.1536060592200324
220,-6.372390651559803,0.1299781799918862,-0.012058903357722516,0.3187084389845996
221,-6.9990220144598565,0.20528082229382896,-0.2973136295943077,-0.11379778225980511
222,-5.605115317339758,0.7359090820007455,-1.3820217586180872,-1.1643360891794525
223,-5.5317337906267525,0.21971257794791738,-0.5862560733929417,-0.8087845327406669
224,-4.625112069474437,-0.384996430280039,0.03461555429015767,0.397886592981561
225,-5.508586005666017,-0.5739530180807034,-0.26097975104611254,-0.010945173662402987
226,-5.282172431229188,-0.12911472632050053,-0.5062578117094764,-0.22541553643814627
227,-6.038719446177504,0.7325664308798149,0.8500358666055695,-1.8181553864734462e-05
228,-5.440709685215902,-0.23091605555964695,0.14006012840387186,0.3097859204781719
229,-5.674736620632694,-0.4308756044842023,-0.3803696799040018,0.25643425615552207
230,-5.718568313225477,-0.7329321621711502,0.01645671641728573,-0.31093372187505275
231,-1.2009466184855568,-1.1452913810373082,-0.32358174295826664,-0.2511764713316346
232,0.7591443086100336,-0.11284700162012042,-0.5803971696604497,0.7971016302603231
233,3.41612529697404,2.4619423031153587,1.2177180468449784,-1.0026211394513516
234,1.811694787402521,-1.0539762750431612,0.16150301595783195,-0.5458594278690749
235,1.6109897656582166,-0.8358728620320233,0.9239721795342742,-1.2263437964652608
236,1.3949291097222016,0.5196397310688438,1.873767802845112,-0.9559396288073457
237,0.053264169843707465,-0.9066255736195731,-0.2611973484757399,-0.003698793944292231
238,-0.006633531796020743,0.3523087086857215,-0.537720374956845,-0.47445643932686093
239,1.3250373950729175,0.24165485106059303,-0.6105990064427109,-1.3241702222116365
240,1.7577095192585546,-1.342766107786057,-0.8949772954448715,-1.5504393774410208
241,4.045633835904768,-0.2956976005282874,0.8063683391240215,-2.0425657335507252
242,2.6703632894681633,2.323660898345837,1.599386995190369,1.5138774164567133
243,5.822717868666382,-2.017488141208531,0.32680051959832773,0.5338587307260876
244,6.269506642118418,-2.115677722481013,-0.3410277000402913,-0.37519530916396193
245,10.741367564438931,-1.7714001004699185,-2.289635159264581,-1.935136218299392
246,8.07568658107195,-1.5292595526100103,-1.261501140151448,1.319156023303992
247,10.190772972692422,-2.610897006294577,0.6461878815372922,0.18188210472764688
248,11.868019967229026,-3.048861463415628,-0.7594406845439065,-0.602626599109027
249,13.277853325934997,6.831549625005947,-1.8336971234242145,0.4576610564388373
250,7.12662009483901,-0.05841016675116372,-2.6006420503065333,-2.1167285565636185
251,5.013425170577025,-2.0680825707451675,-0.6477270583108659,0.3675811753782298
252,6.5939730380783965,-1.796344384335584,0.6506464629347896,-0.20068492431720822
253,15.483408070436985,1.806702433367679,-1.0496859322194814,-1.629821197859521
254,15.247175233949825,1.794798205474172,1.5308757043868029,0.2912291335087523
255,13.077283466677677,1.4456833291852635,2.1094690038248447,2.4196252401390574
256,10.980226387127608,0.683867960445349,-1.3219528877558748,0.9596723189997782
257,8.105027254754459,-0.046846294683515255,-0.5826656687510166,1.8630929653165895
258,5.1325898496957105,-1.0368180784046677,-1.121401629935163,-0.1807431188256555
259,5.055247716671066,-0.2515975777405672,-0.8994547566947138,-1.0220443833415136
260,17.556530645561775,-2.8667330133974267,-0.7094009976650772,-0.4810260422317621
261,9.991568538327938,-1.1563252311303112,-1.3166966698817852,0.783721124857389
262,10.277695454863217,-0.9899497254448717,-3.0748659457982153,-0.5676590497801166
263,1.294606886851741,-0.36988784258444285,1.0931360790735274,0.5425131801595815
264,0.9332128078285753,-0.29740915113403027,0.5140907117408325,-0.6696242095229298
265,0.2739990325544587,-1.6257632015845258,0.6570036688273206,-0.3106410592661643
266,11.89841608427344,4.3707702886687345,4.879841488311249,-0.08585783388924936
267,11.072593257205714,5.0515831230726915,0.2124859051301141,2.533632091068643
268,6.416009150902639,0.20445662237924048,3.425970882336944,-1.2195463664664001
269,5.938334044051237,1.6439184867769576,1.898929506854713,-1.1838532230965093
270,0.4170452987501787,-1.25167430774021,0.46328389489720434,0.15404310005393718
271,0.10546767509536387,-1.2109491737021372,0.40881072897768217,0.4916083056111547
272,4.896867938976777,-0.5363788053719577,0.4977174443714773,0.5837667662214746
273,7.890629135851999,3.360884197445005,1.3298667079763982,-0.6957387965008981
274,7.742511188155478,2.6999880785531967,0.5583249422157008,1.5614530452207491
275,7.466476257963864,2.9780365558767707,-1.3892199809401529,1.2163189884817878
276,1.5471387735556794,-1.6440234601369559,0.6156416440990389,0.3053698635499174
277,2.3009865590807332,-1.524178560638249,-0.16902818536257294,0.11132013412294087
278,1.2252376530853915,-1.7845919510866353,0.2675990444126493,0.3558904878410625
279,0.35460387061328613,-1.1292777271086902,0.15703457022746137,0.1505155846530129
280,-0.05244228433280803,-0.1991748925442464,-0.191256095185836,-0.22362318815683904
281,0.40165106759146035,0.2657027223768762,-0.5975956928975352,0.11499835761098533
282,0.0755782944290208,0.10350325798356971,0.5261345343390966,0.6927065209536082
283,7.687449202149046,5.049219363976688,4.165437533805744,-0.35239898420970867
284,-3.510973864316293,-1.331915410889391,0.4480561403326403,0.2531079626920603
285,-4.579990781636696,0.20400228939207066,-0.5602496828480361,-0.028549799783761865
286,-3.19362187102168,-1.597574427392798,0.44990144571694535,0.4572783820147222
287,-3.585480322626043,1.4139473456919012,0.38819157569736085,1.471271795164751
288,-5.023926534668963,0.16821209812942883,-0.11648916978122056,0.4964195680749988
289,-5.010602054253558,2.4767645913055505,-0.1095125687938301,0.5592136309106994
290,-4.714135842130075,1.8837257734856372,-0.1713513938984344,0.2586564836171134
291,-4.665129498428745,1.5952297618002251,-0.36952282016323207,0.47067717508404977
292,-4.317209804574384,0.7350104592186422,0.48523186827059683,0.5244642044752683
293,-5.2980345140345895,-0.6707495428468357,-0.2867439718980457,-0.2886086264215348
294,-6.262941787657788,0.015902175810268395,0.07858712710899769,-0.506414740647797
295,-4.032148476589466,0.977515583028057,0.9027774839644223,-0.6538377562124508
296,-5.3132596264329655,0.16010695966576696,0.5781159880881707,0.2437728889187907
297,-5.334302037678008,1.097508597472508,-0.6476771756835797,0.2911513616191639
298,-5.852590155938607,0.03233216369684033,-0.05837063201399368,-0.24862987470077258
299,-5.411433788059564,0.5892057848523993,-0.26562571518587264,0.24283075807750842
300,-6.237083552651008,-0.5524647074784075,0.2386394428979034,0.19441050414220148
301,-5.473133337814726,0.29788629078268625,0.15222384901175284,0.20500866792942454
302,-6.048080905834357,0.8038481879466077,-0.0792806243089889,-0.24013686039071472
303,-5.791237998379579,0.6412397599527482,-0.26250737711751126,-0.22523118141011436
304,-5.8970027084186,1.3974573892308733,-0.09867017553490223,0.25633073657789074
305,-5.836899142476919,-0.18699438723420503,-0.5025456868085438,0.13918509881230434
306,-5.224447634007633,-0.9355422950903614,0.18990474683259134,0.14388820070278674
307,-5.834174020623747,0.21345441732238077,0.13798770867091917,0.5077744259214414
308,-6.182258497318938,0.16668341866558103,0.30128466364181544,0.1764701211736361
309,-6.046376448721122,1.0871165324602101,0.02124107070310283,0.3055528349949453
310,-5.25421661144611,0.040324997706315736,-0.06279535459539823,0.38510077744622595
311,-5.32665659910849,-0.39792177361884246,0.19786003153698767,0.17791175180828253
312,-5.6171566034621705,-0.07587047040517167,-0.17425695655831688,0.11416213526569652
313,-5.942253756442612,-0.30167490631190225,-0.17453365614689545,0.31459624043995904
314,-5.909199567720282,0.044382280280317446,-0.43271263830784135,0.060116129786438696
315,-5.936970201348782,-0.018709454666444133,0.24689725484874625,0.3134803456123056
316,-5.644133582743181,-0.3443557969699617,0.5466246083239916,0.19216003051851466
317,-4.872292936354914,-0.6875878960692386,0.3021959356839186,0.25697068380164517
318,-4.321144738978684,-0.1170803926282485,0.1942757533724754,0.3572055828305052
319,-4.586056646497024,0.8610976565336793,0.4619379457530992,-0.12005233530871409
320,-4.501053763176797,0.48107677089952217,-0.2714818283823873,0.16145130710846123
321,-1.846467729048546,-0.8039944325518367,-0.5445641095955627,-1.0519092384641506
322,-0.5234020101173104,-1.0280594328404231,0.42061855633743955,-0.19738249859273566
323,0.1183498542954037,0.9231789489708075,-1.0990581175131167,-1.4259304012627707
324,1.7057356391153158,3.170963217367946,-0.4504782927992306,-3.367296814807897
325,0.05569615094293189,-0.753539541538757,-1.216018107240826,-1.266129001682695
326,-1.1943062380599019,-0.8499038740208599,0.4527030415084442,0.26883736708224526
327,-1.8901963568394538,-1.5388404499473631,0.21041337043902178,-0.03169154091637743
328,-3.009984687581515,-0.44075725773340274,-0.1815362606260282,-0.2892187073428812
329,3.188310575567523,3.3562709619215783,-0.5012210433408373,0.5813845557187312
330,4.67208608817851,5.082506848353092,-1.422920371464807,-3.3311709490509784
331,3.595894459200837,3.0768895765652626,-1.238955492537823,-3.105565395178272
332,-0.7014318292077782,0.30184647320298313,-0.029486532282732254,1.0532681059153253
333,-1.4363759782777041,-0.9612884224357179,0.4547605459466121,-0.08114189139253589
334,3.1355928947830556,-1.2246225235261774,1.0001166886190875,0.473684613107742
335,1.811310879056966,-1.653289646733313,0.24201117791698312,-0.015971413283001074
336,-1.5407822215285012,-0.3798263166398066,0.7946407399380431,-0.3655834187367181
337,9.027719950696115,4.789269348545833,0.6241212276811632,2.4598357964837705
338,1.011895829603703,-2.1202518017667593,0.5239226000152789,0.18269389352798568
339,6.154156027649858,-2.455531340931265,0.2944751655368581,0.8744560093234096
340,6.090814233974921,-3.0196651250955684,0.04981962679593896,-0.36080925378551215
341,10.722522572735691,-0.6742547504000727,-1.9269200591682762,-0.727734315265558
342,8.400065910454977,-0.27864673389404704,-2.4994800921836755,3.881442591212134
343,8.174322438737192,-0.2135272022339676,-2.7861001635335385,1.7051203377943032
344,5.003459594887127,-1.5894616054861075,-0.3775468685726067,-0.9650276848114069
345,6.553148277063416,-2.0299341872210506,0.8592981055934803,0.23803932142268744
346,5.705019650083187,-1.5871364854478887,-0.9570471869435011,-0.47407563257906327
347,5.452146635094244,-1.7629955656664853,-0.45980018282437135,0.29132024906252846
348,1.3919527666615106,-2.1535678552009894,0.4033917975185173,-0.38380609305786506
349,0.5431467078946459,-2.155466434272043,0.7754070167062173,0.4526871889935481
350,0.44666203490346873,-1.0644100446922915,1.1943343237274648,0.33946196215479485
351,3.6262048615895175,-2.3189643299285683,0.4748071217095263,0.7847712635175678
352,4.248377714015762,-1.5802777293299781,-0.4949317138666468,0.23788265499600517
353,-1.6300826473955559,0.018559775631478776,1.042927073413112,0.5532831331976493
354,-1.1133338339049261,-0.21956394866129042,0.7569740481002523,-0.5678998344746479
355,-1.5266833354056224,-1.1838825623407356,0.4929060063986416,0.16355537686438176
356,-3.8708732886115653,1.9026728133706627,1.7045678814335263,0.5721307047367735
357,-4.877061341490477,0.2547471997290941,0.00117084848675249,0.19710024776654028
358,-2.8954439999197503,-0.2752691219524204,-0.41729420254801347,0.21849331037390368
359,-4.8122797887813995,-0.8894791912624083,0.1548677511392471,0.4484344550990491
360,-6.274115566201117,0.3811372771991346,-0.5745145957921841,0.3407182985144322
361,-4.3714984272383575,-0.809072641717763,-0.17466657688991874,-0.814913132541848
362,-6.1539693798790385,0.27866060550098104,0.15878065710819822,0.1686845681543127
363,-6.722059909213748,-0.011994586855479742,-0.0421722643078804,0.4463857181080953
364,-7.016935260840902,-0.03021321218277949,0.2336925964771953,0.033872702562522033
365,-6.959780175717875,0.6954425944770264,-0.27909112746506054,0.3848209335394976
366,-5.988703982994147,0.07825655099865261,0.20976478338640725,0.35916370165014283
367,-6.807544613128836,1.7347185570475718,0.3742143648435096,-0.15575386475183126
368,-7.205403426280098,0.8322367034871568,-1.2565663547214108,-0.8344462868524655
369,-5.5655396333521985,-0.10324366770048701,0.43511595850118023,0.026336524615461307
370,-5.695464145362258,0.0942782845248529,0.21066257626348234,0.3770905267495718
371,-5.766376561281336,0.25610066640814017,0.05883670417294602,0.4564040651360877
372,-6.243370387542495,0.17295858823038482,-0.10488694073779603,0.014544447251436072
373,-5.09843730034036,-0.2430797526570186,-0.039467763982581804,0.004470980315493395
374,-8.287611104277023,0.38374101988281795,-0.323836180909607,-0.3065525662928586
375,-6.736988652756579,0.5964981869132394,0.1298833342148068,0.4985618710215978
376,-8.414474606159498,0.35814136372661387,-0.8526639180296828,-0.7211824968806742
377,-5.625061745994165,-0.2643995203570695,-0.019283911301086885,0.34374719499948037
378,-5.5768203531229625,-0.05314620671169173,-0.5253046275791934,-0.0831405925581245
379,-6.555048059154037,0.40887441358131316,-0.12569104495621075,0.34799755444541147
380,-6.58577135392444,-0.17006261747552048,0.04977121522911494,0.05469752030089223
381,-5.401067618399797,-0.33151077039322857,-0.6472663503008342,-0.303608701613222
382,-5.482719413794747,-0.8309574433520736,-0.04860095463453035,-0.1975433229211836
383,-5.2072142629160485,-0.38220300087900316,-0.005773951205342539,-0.338180711909088
384,-0.9714644015728888,3.1411764155101376,-0.7359548322082109,-2.8270762405329575
385,-2.2089280199255836,0.23179057229368755,-1.6906396540854207,-1.7607339278041707
386,-0.49241666944111845,0.006009084130965816,-1.2571955409511064,-1.841391687490241
387,-1.7241036165076014,-1.3522258675881544,0.5163666936229007,-0.629846303670583
388,-1.815764629531932,-0.7150067163330488,0.4711189853418305,0.1618927847851044
389,-2.3717447197836026,-0.45980074282569555,0.08531279507332994,-0.16780213243779166
390,-2.8677991231368747,-0.6851159132660056,-0.30439378790592875,-0.4691773494164311
391,-4.3684991387464285,0.5121046141369945,-1.9647351458756706,-1.7242671673436987
392,-3.6638538125525533,3.0919336232228014,-0.06952138076973888,0.33248759135136985
393,-2.7294087885187484,1.6391830397985232,-0.5230263019445829,0.47231223853993065
394,-3.5081196543533575,0.3010972641144097,0.5322734014024381,-0.27264234493593686
395,-4.054713751203093,-0.051816693397559024,-0.37949803057566295,-0.16033165277595887
396,-2.9448770000503326,-1.0659876264403012,0.4580373640247281,0.09450639538761221
397,-4.426713645666024,0.1542667556070865,-0.17016237707853255,-0.15295739730986707
398,-1.206200532684898,-1.2255318656399055,0.8114404918367235,-0.12527183378210469
399,0.6474642040882685,1.7184822748977597,3.695580872275929,-1.8358600790724264
400,0.9187077367964847,-0.7890886746105481,-0.7643762581392313,-0.31863701720068877
401,-0.8534060110742345,-1.2754594220947606,0.03249807956602686,0.14404967324070697
402,-1.9269627795350517,-1.2384740611552854,0.36212644732806903,0.4932390310701221
403,-1.3334475392094505,0.044687374828319706,1.3245193203173191,-0.00924853347985278
404,1.0671799126723847,0.06095609843116505,-0.9379696230784755,-0.006676123860969506
405,2.7217316983686106,2.830374081494551,2.5106531288069243,-0.6462463972837638
406,3.2840768088518097,-0.6548969113245701,-1.451086577767131,-1.754659936596519
407,3.559320612916172,-0.382666143458393,-0.3362060419893752,-2.3399409378416016
408,3.5910469674748273,1.2574197861912169,3.1821858654065633,-0.3969004104132916
409,2.700964496024294,1.0001712718258275,0.4895238589877602,0.9265397810623598
410,2.0587742249132392,1.9004501798043072,0.028609199898890998,1.7571591215651268
411,-0.8564755483463056,-1.2035675659223417,0.07690091634443125,-0.019823946743198977
412,1.7841896516493232,0.15562849032265968,0.830064054484952,0.5131325306133657
413,2.345084661333707,1.9493360683070602,-0.911459648591799,1.9696643613792608
414,-0.1560643160285485,0.5189156485870501,0.16645149502228831,0.7844895950219872
415,1.1612809483304678,-0.8180342231365024,-0.3213878413290851,-0.710323924884687
416,2.9463386668618807,0.635763781918622,-0.4225096579185429,0.8274107210858771
417,2.25652118618365,0.019423503333569285,-0.469825149114697,0.06186417862471083
418,1.5171942964994483,1.002787369947086,2.262971409292118,0.03562512257614416
419,0.6358369991692637,-0.005748450333444172,0.5125811294086876,0.33626889729456827
420,5.0638975857252415,-2.5903165891129456,-0.6339265625936886,-0.40635912139610797
421,3.6714196428557666,-1.283067710502109,-0.7700620790015134,-0.04253697593015938
422,2.88966420761952,-1.1868435501743835,-0.1268537254859199,-1.0851413368490037
423,11.727635519646437,1.9130162202290455,-0.8728804883283559,0.17301532927360788
424,13.059112544505505,0.5938726931501884,-1.347869485090995,-3.2964734592382534
425,13.220236714178814,1.4790491457126649,-1.0331483707740052,-3.341129621256938
426,6.573819874540835,-0.21357847479260686,-0.8960674334748924,0.5662487531617781
427,4.085912343118663,-1.4076112927088007,0.05473576694973077,-0.3356064150132667
428,3.576849485917402,-0.008424680856065476,1.3897867272577773,0.8309787660479417
429,2.175204495601814,-1.0628453445444943,0.3356779929221065,0.799987626845841
430,3.317473124322481,-1.3266499988445344,0.5205336879595852,0.10399190850220195
431,5.707928544868888,-1.4893552878637932,0.3766787778860773,0.4774748045498827
432,3.6917985463735525,-0.930249294309379,-0.3980183350343839,2.0914634200747546
433,3.568847838260595,-1.8196735428234199,0.23494720691423956,0.9676584546030985
434,4.6833813398402375,-0.5690855357062174,-1.1005392523669655,-0.9239260926793117
435,2.8848486359749232,-1.6885544194974444,0.22013790562369034,0.05525105915680581
436,5.0879552227664,-2.155219500769401,-1.019178614520145,-0.5317768942959731
437,2.596124898814735,-2.7701355379103103,0.8682565008351943,0.33465550804288846
438,12.909681907212272,-0.33987184411002164,-2.110653463898011,1.7107584268954807
439,15.053623563069918,3.1872846019734604,-1.056693706563635,-1.190022099885734
440,12.43816088099256,1.5937211675521503,-0.03766982075181765,1.0899941662582717
441,10.514530378292983,1.336653738911402,0.2543215443409788,1.9302380133339652
442,13.513245932096726,0.5759894420510108,-0.9622576354188888,0.1791782808526796
443,12.419891708343004,1.4078234790798654,0.3171858918196756,1.1500997550626733
444,-2.6438677484693196,4.311260569563535,-4.5960021804777345,-1.6590337094515162
445,5.3576038366203305,-2.5672428764763353,-0.5756119389312585,0.0919110936594288
446,3.8771314905606826,-1.2699189703667166,-0.246704530650636,-0.2864919475949797
447,3.4309605613115295,-1.3412943602841347,-0.07483860281814764,0.3652665419631756
448,-0.15073534219613938,-1.5826854019516505,0.2706142574428625,-0.18195807518621193
449,0.5226944406240785,-1.3252235345629504,0.8008785815592595,0.39356670512181163
450,-1.4455401070983303,0.8216030426182461,-1.087961673052778,1.2727607783419344
451,-0.9726356354095071,0.07253272960254394,-0.06086320393994512,0.9152359849673344
452,2.5665547440493173,-1.020353247291559,-0.7172400827344799,-0.15001583595245033
453,8.814325491922329,4.3293759197857815,2.58547003589932,-2.9827222805673577
454,2.1301351717093744,2.7457351624106123,1.7230071889799148,-0.2137545259842618
455,1.9241590189835303,3.472331281467503,1.4183324828619979,1.4187067585220916
456,0.004580411974845866,0.7595010234642556,-1.1362394753624065,2.6723177085659557
457,1.2718393700152941,1.1977291848725626,-1.3641770497238745,0.9371493065536248
458,-5.603913301523062,-0.2761122358359613,-0.365881180808588,0.23442515043901266
459,-4.589004545365166,0.8168715658525275,1.0641254073677946,-0.02858995972691618
460,-5.18813076535987,0.4753639372226541,-0.48734926334067147,-0.7306523398692796
461,-5.355417796514555,0.19145156720524906,0.09344303679448886,0.48932469764048186
462,-5.283960847397753,0.9885729708529086,-0.006475177391082283,0.5860839046109272
463,-5.703252697051515,0.4817021473817864,-0.07422966588712543,0.17220633054398732
464,-6.219153096209757,0.48167521817939557,-0.3997933079242684,0.24789293499261775
465,-5.871743676477577,-0.6144396761690263,0.3341871850381946,0.17725785450907083
466,-5.606392139014017,-0.16507243323605522,0.2855688121017222,0.2594440270646312
467,-5.654349096989592,0.12429378989972471,-0.27923794734775226,0.2725527230879487
468,-6.298363576309052,0.5097581551415331,-0.0797912537238464,0.4767745144820985
469,-5.653689149561485,-0.16174493125080358,-0.19112647755770473,0.22228899806517172
470,-5.726442351755789,-0.0646160546619082,-0.09759633774347053,-0.05791406093394418
471,-5.433012823836005,0.49819032539861435,-0.13097931456187292,0.07756271608490567
472,-5.450263690262829,0.24700734902805632,-0.5965818590609754,-0.09745493767169615
473,-5.677144780926512,0.02541322816293981,-0.3863548458953079,0.09304853714497657
474,-5.914606365953425,0.8341234511532231,-0.3977089524072991,-0.006107856402180568
475,-6.659240877366632,1.3456888470546535,-0.10755114141217349,0.14358886730296336
476,-5.962328244492756,1.2202802291476051,-0.2296448823414587,0.6509375871644794
477,-5.915280613427571,0.4510298139576269,0.11280719810359882,0.4178718468303513
478,-6.1629156867062145,0.5613219677929774,-0.22071027493036607,0.3170516713636961
479,-5.2816698945798715,1.3733753926949073,-0.3004942418467064,0.4292757647183025
480,-5.611041120893972,1.1733634657915009,0.8587018641300788,0.2018459595803133
481,-5.010707849140644,-0.7457964318061076,0.3318554037490836,0.25577232849643894
482,-5.256450142500053,-0.02339884261304702,0.11573761221141864,0.20307656063700272
483,-5.136312322266724,-0.4779428313677499,-0.13413636727570125,-0.20785136240617308
484,-5.590501298917224,-0.6004051594472125,-0.030877110272875007,-0.08231025768873154
485,-5.370761772499619,0.7569137333624093,-1.0861697145600246,-0.1493592761761216
486,-5.560659742085631,0.7462871969618119,-0.34595379322920644,0.35309043826299547
487,-5.919686727730145,-0.09601162483834778,-0.069384714903138,-0.047683082226263336
488,-5.88681384671671,-0.5877986064381342,0.19587327496932058,0.11468584880687227
489,-6.466831938635715,0.41943540913304583,-0.32521678466095494,-0.6553107761524352
490,-5.157815370116972,-0.6165045789767336,0.05476494179328719,0.2617476174525441
491,-3.45862901504133,-0.4329759160464089,-0.6708261920404404,0.03256762749553507
492,-4.076146497438692,-0.26150709295439284,-0.4864236318165662,0.1061594988033165
493,-5.243972417992612,-0.7936998515973733,0.21679536690355286,0.26996825187496687
494,-1.1389811940764256,-0.06343013185214985,1.4396689083865672,-0.1597998034945628
495,-1.1816653309071108,-0.09231079594512161,0.6414821452567101,0.46836736939955254
496,0.5215464771419939,-0.8861923869609285,0.5806422528331046,0.3331956015838468
497,-0.28908421056406647,-0.6755828092381215,-0.289285981762401,0.2779445117708135
498,1.6308487787442048,-2.3826103743170117,0.42590562172541985,0.4016976465988884
499,0.7959344784900645,-0.8928799307536741,-0.06120248875160422,0.6908178904625728
500,-1.5688218117933286,1.035972781075266,-1.1097496806954785,-0.08187334809921959
501,3.7737578538156513,3.219451143249832,2.2405541251121837,0.22167716278104754
502,2.5802541548625824,1.7504071849845164,-0.17129888265121854,2.319678824510761
503,-2.541129847261996,-0.9916730919605399,-0.00424505279851961,0.11624658035568664
504,-2.4115002226021445,-0.6589206630053037,-0.0008626460576807833,0.08508807690165643
505,-0.3590543875904388,-0.5276548726692044,0.5587437029846934,-0.0442773798802694
506,1.9573912179090398,-0.8489484844367781,0.46405121638032965,-0.24714554606739486
507,4.365324388966323,-1.6166544139738142,-0.2759114516744729,0.6107906112927465
508,5.554278935235567,-1.9771184373734376,0.7458468650314766,-0.4191429595823388
509,7.892888302122641,-2.4857622520465035,0.37024820033630623,-0.14663471181398574
510,6.303579649480874,-0.6658892879297308,0.11929143090998365,0.5286903735944346
511,2.324391055098382,-1.034046389944833,-0.2869421904992382,-0.608664027350332
512,2.9607421498302915,-1.757017312506245,0.06935459899412201,0.6174101044329919
513,1.6673252169668136,-0.3376754996645551,-0.5400754650165173,0.5405487294960117
514,13.068067038975416,-1.7557712981613733,-1.534738690385566,-0.6495614051349895
515,17.332559058724804,0.23791093946980116,-2.964846488365784,0.6635306937450877
516,12.9158049841139,-1.5021375847988707,-2.1088305483356042,1.0637822856841646
517,10.64716731079777,-1.0546566578415233,-0.8629240820876732,1.0752193880311007
518,6.736951209554725,-1.9879681909897986,-1.1454994476331952,-0.7271642239663244
519,7.639797416438275,-3.546818882357469,1.168000652222271,0.7043610543391925
520,18.170161498262637,6.174141415648654,-1.0385615393055727,-1.5194568521783836
521,15.626822442761608,6.147806185315807,-0.9589275164617727,2.23872198047382
522,9.810799503366466,2.7540380742914827,2.73491798946581,-1.5290360967761285
523,9.621674439401756,-2.4942196599563844,-0.6792383382294425,-0.8687420546316346
524,10.95429687499794,-1.785518586330818,-0.39224482086291235,0.6990292564935385
525,1.8519231025572398,-1.0074837984494962,-0.28289019418381917,-0.7479578621931505
526,3.178979783972137,-0.4752147120451755,0.3647234333535067,0.44272658814154314
527,3.348102201634404,-1.6442136681765651,0.6115147601648006,-0.21528489800508901
528,2.8768549389163414,-1.2233640622287,1.041063773031632,0.08421376068765807
529,5.301291165533886,-2.454937323224213,-0.1304657607738942,-0.6571456094619368
530,8.63591783733702,-1.1534148801567299,0.3595157921292712,1.1605007570022887
531,5.313831357446042,-1.0767280825794667,0.8191923003693359,0.11673603735212079
532,2.910489914702521,-2.2596629651050013,0.4190937478169092,-0.016812461595423326
533,4.775419559516591,-1.0192262035736328,0.7767852390138553,-0.26442537313176645
534,4.810404683786974,-0.3403293663611011,0.08500960385146464,0.3613264112731522
535,5.191016665424786,0.7367974348610735,-1.4012001697527954,0.034552745351656956
536,4.922352507710403,1.6088673155684128,-0.7354695868614973,-0.5551689897684305
537,4.344350441243103,1.0422842786366628,-1.8032320045512875,0.24682375039402693
538,6.12996789455979,-3.2447210291257145,1.1882489877156772,-0.3806559744838315
539,5.239517739250545,-2.895593101269398,0.6585308520989563,-0.4738217859210048
540,4.041337980678459,-0.9374941462166432,0.4691953446446077,0.2718970060058195
541,4.679946333291716,-0.7214417666658154,-0.2907431572381833,0.27793276284985013
542,3.6249093878778185,-1.3342121653480814,-0.3218126226915496,-0.11748632378456458
543,5.1318540095764895,-2.8899397590147875,0.7931311838170886,0.22510465138665117
544,8.37100455133132,-0.6083843514215395,2.617663648139189,-0.6746951969182511
545,6.78954933634227,-1.6493205131912232,0.15130468131225033,0.05616395011280189
546,5.320457408732768,-1.4554978504594884,-0.7653105610143824,-0.17657697854838375
547,4.901340879062888,-0.10269362015291487,-1.8027874707531157,0.026211622873212263
548,1.4232215402806412,-0.7621188552248479,-0.09919870743963087,0.5921984894469762
549,1.9141306346835434,-1.8561474545493872,0.12483803875021447,0.37742118669440566
550,-0.152094175189393,-1.6438138444290822,0.44439010750727165,-0.2434850115471659
551,1.1883570550566904,-1.4165799548909244,1.1082530723893143,0.11757993939825004
552,0.010479496189777851,-0.6619189930962363,0.29180133463955943,-0.1910585178883834
553,-0.6794705742313911,0.5988326988236112,1.2942717274182223,0.4175248125393573
554,2.5187805034620476,-1.562431743289099,-0.97748656435813,0.5783173006524585
555,-2.3866523590238486,-0.6430234716299245,-0.3437036416097188,0.39941443456090375
556,0.2050633563365869,-0.4113901628871184,-0.3809306002641943,-0.17595869118168841
557,-1.7803465868870156,-1.0920721974556202,0.5793200491645735,-0.2036698524959682
558,-1.8435512600815758,-0.36720242710414136,0.5882097015398172,-0.0494725672497034
559,-2.989255834964038,-0.052934187250828546,-0.160645845117967,0.4233374051836826
560,-2.677459279335343,0.02546335402497992,0.7194127895541778,0.2758542391971007
561,-3.7678213980227713,1.138114999827201,0.41243703055743497,0.5526713675494056
562,-5.0040610838132755,0.5069459855533276,0.18396466286319807,0.4265725170607857
563,-4.482687598572974,0.7955043213288463,0.715795591177554,-0.1417837052212586
564,-4.733235576817856,1.2056201374797115,0.5449395820410041,0.5489278097364386
565,-4.662649064068202,0.9624616791098077,0.6549278579062466,0.006620351732570705
566,-5.574665985027597,-0.47706614585129686,0.3632777318291766,-0.06258686581001778
567,-5.51877350357549,-0.1280675537704203,0.2995003277021514,0.370623285024321
568,-5.06307670849774,-0.29319282603079133,0.07905247054011405,0.2695560188914975
569,-5.623793345031468,-0.008082250129458329,0.2696157160629379,0.21105859364288995
570,-5.537381918972266,0.43330829153997336,-0.19826362108368573,0.34841332512145434
571,-5.450685720996012,-0.8815257524844743,0.505769061387073,0.22384153250158362
572,-6.0754242041671045,0.031480708817164665,0.13814215975141936,0.4544468882303773
573,-6.779054699293866,0.0052212223678517345,0.0431965323497634,0.5416400285171505
574,-6.027717721152861,-0.05018447768611819,-0.2997941582786364,0.06655487096769039
575,-5.27974457543225,-0.299698675189561,0.38474952799946877,0.15249185375071053
576,-5.695038816689591,0.597657260674639,0.02152452400360129,0.32216529904742147
577,-6.041450492315358,0.02614974885586646,-0.06472095722671718,0.32528869104237773
578,-6.392964540989013,8.359520848679018e-05,0.3212762889896982,-0.029146573798752524
579,-5.722057242920982,0.5918981549209007,-0.18818788777210815,0.07818873338663636
580,-5.332899088326376,1.5950874016116423,-1.5002854149772877,0.40088623321880384
581,-7.3966868191101005,0.06873568870709454,-0.4515705577266682,-0.5277724211445621
582,-6.95815076524753,0.018638791857872327,-0.749407526069256,0.02572440542129843
583,-5.820121705029152,-0.37247816349899093,0.2756893781422213,0.2673642098990873
584,-5.420081177471647,-0.4971574186421677,-0.20638838651920258,0.05374783332116405
585,-6.08162399108375,-0.24786462257857078,-0.14622727789073903,0.12833511056535724
586,-4.992570579170981,-0.1170137585231658,-0.4443705525413067,-0.24219028346572272
587,-5.47569623867126,0.07675045165994814,0.17208784855486267,0.3966803493833298
588,-5.014258258729988,0.7949416483243013,-0.8511555935071695,-0.17672935665492384
589,-5.285803586149409,-0.4049929534944452,0.04152519043013931,0.09552107844780243
590,-5.505106344160029,0.5004817752033938,-0.5703503278822941,0.019252455595186718
591,-5.171597583526412,0.2870911100539257,-0.5570224597555781,-0.1542167016056461
592,-5.350702759306218,0.0792440171127024,0.4046562195224637,0.2946124152559153
593,-4.747641435195911,1.0515573316221412,-1.3174173697448393,-0.10017439503496414
594,-6.17674107989571,0.09401470827905264,-0.4958495342992356,-0.19186630857085948
595,-5.801808991629775,0.5416570914074699,-1.4082018382049708,-0.6981833456941561
596,-7.4588210550413505,0.4188248126317624,-0.2544347190381951,-0.37743411662759446
597,-5.974480890153366,0.11087837141937512,-0.22994141579958183,-0.017010941067039265
598,-5.54769788496592,-0.7690077712324662,0.3718689439851287,-0.00887731352683947
599,-5.736168937510608,-0.06436601843930596,-0.15570171962051457,0.26183477063548616
600,-5.897656905691037,0.6532714583937991,-0.05545660517492184,0.12494232035769201
601,-5.617602179785426,-0.13435677909250734,-0.13961715603906616,0.06446789563679135
602,-4.152910445803118,1.4991426459090271,-0.3300837707506927,0.43741395483610096
603,-5.454477218265711,0.8592896050893741,0.7767540468336289,-0.007966991382308039
604,-5.30642485608386,-0.37938022491080964,0.3235246824620893,0.08733486813193031
605,-4.523518637490776,0.11496391106936273,0.028582843620825645,-0.14593312543708514
606,-4.385661436676014,-0.5561540731802791,-0.2766684621666956,-0.5980444079094331
607,-3.437281260952874,-0.7126787702894292,-0.5221999915752255,-0.5089740351661374
608,-2.1739235649188267,-1.2802873910322696,-0.04917542616692263,-0.08069643914910082
609,-1.1844523545501608,-1.5038324764014193,-0.2453107986876269,-0.1664933396022495
610,-2.1450584830801263,-0.4907203074571247,0.361329269723418,0.4170346321045466
611,-2.538606689999621,-0.5935813792009972,0.5372482230445905,0.30475424497175435
612,-2.198158328688499,-1.2519268484616752,0.5233297824668882,0.23073401829581913
613,-3.1067866217729017,0.34734983321807106,0.5436509613658742,-0.1331480776574896
614,4.155602142310473,-1.1028744905050896,-1.0928434997501615,-1.0987917505130536
615,6.3215714579986315,0.44234489820031503,-2.9227126400414254,-0.5165198179938697
616,4.520321744528537,-0.6443765818383562,-1.4851396593434913,-0.8164840489315731
617,3.73076485909648,-0.5958940206283191,-0.5683521519060597,0.6232785317080834
618,3.459021800801237,0.5648758299794169,-0.8569625916641801,2.4892115738435607
619,0.948753626423273,-2.0213962727701156,0.5099464051710627,0.37228515520660566
620,-0.8066235321904763,-1.335492526824445,0.698133045951801,0.21371429252038635
621,2.7029112569551184,-0.6133687880842277,-0.5786564947703072,0.4841996972443365
622,2.924398100315042,-0.9604477954022901,-0.7317078825880391,-0.08080334401932118
623,3.2777512728528326,-0.47630790851540045,-0.33360632535986634,0.4794790418180127
624,2.4228529713494447,0.20322655765196504,-0.20055930994335336,1.1270392854366122
625,1.757109319318668,0.9278758826533652,-0.09788599081031991,0.3471719229483344
626,5.373278759892777,-1.3251542429935133,0.11896277478164184,0.43288051254236565
627,13.684565472495713,6.113113478491484,-0.08981417044550676,-0.608155204791841
628,11.069691574276117,1.8769798537041087,-2.228170334327503,-0.8686640802005907
629,11.991699486396131,3.870908259442486,-1.6152326986709213,-2.4613765772266913
630,10.316121532256693,3.464948553299026,-0.5733297388474954,-1.1697349542610245
631,7.594607057562268,0.6007860417804463,1.7657305699373043,-1.9534838128973822
632,3.6317932893820557,-2.1523448808201238,0.48091859618856325,0.3257498442529909
633,4.55322545790151,0.8680253352059562,2.159578332420633,0.03541285960319361
634,2.773754469953544,-1.8500600162617358,0.5595740104617711,0.43834443405777795
635,2.9563293707832767,-1.2233482728565583,0.4493019899774354,-1.1838108745763583
636,5.116473299839684,-1.712347848208024,1.154131263411703,0.423953574915313
637,5.1376952322197305,-2.316896337884322,0.010345607597261872,0.1757673888599989
638,5.016051707946838,-2.6099779387115576,0.5009628280226938,0.1808466782993176
639,4.599636147115283,-1.483378667674536,-0.5295280084354201,0.22011376369461524
640,5.169611654926705,-1.918362841251381,1.2564624287312938,0.585964583525631
641,6.161878076372205,-2.0939890478318794,1.2211592121285086,0.01696466601976582
642,5.2069101926170624,-2.6419368799315044,0.5190537008384264,0.7461728480423725
643,7.056407130713919,-2.6319865433119474,0.12035389745546558,0.5963862677659721
644,5.396966859567357,-1.2716037131679983,0.9580420843624858,-0.0157161912473413
645,2.391492424407959,-1.1854468534696132,0.656590811571958,0.17793214412031153
646,0.6753594816007629,-0.9990038038661371,0.17319244334206885,-0.23924919982793366
647,0.8174840712108494,-0.96976272465274,0.4728221996623727,0.8675690547166004
648,7.659092433898635,-0.729198437847622,-0.009384088788826576,-1.784366769790875
649,10.662152007424819,5.210803818722388,3.047211902161791,-0.2911390073779618
650,6.12419246481992,1.2280780269654632,2.543352556015844,-3.1409256880507126
651,3.8065326507332964,-2.245344133248978,-0.1933958934935994,-0.6042412256728258
652,2.1243578238238356,-2.03315993895581,0.11756454886080021,0.13886594435156271
653,-1.0484589968457447,-0.013733384613821436,0.15800381096044325,0.5573936682485969
654,7.845972859492322,1.2274915359941831,1.0837027973223465,-1.568233006329108
655,6.497525726432935,2.3694924254688665,0.1778776268344331,-0.5167891413557802
656,3.9018010198818915,3.4677874212693633,2.929308076178964,-1.1561172887659075
657,1.8763341652445518,-1.313807726921642,-0.05524015629359091,-0.3983090855733629
658,2.8007608009399223,-0.3789170360592334,-1.1449244144407755,-0.15167487535051735
659,3.036747615791429,0.7198988397690537,-1.507190435858467,0.06079893759012595
660,-1.2601699958507635,-0.25744078639044105,1.446184383547144,-0.5002582650752717
661,-1.3300545516391036,-1.161467516615421,0.21949842803669245,-0.46801772084525234
662,0.834887532910392,-1.6527097320935502,0.4222011354748907,0.13778638432520263
663,-4.165160984673466,-0.36635340172611885,0.34478470579731413,0.3113833082066017
664,-4.4945052060893556,-0.1834814839958176,0.30493935237596215,0.324058282477778
665,-4.873221529781562,0.1269050975995815,0.07238518679918712,0.4681437004848434
666,-5.14040895045794,0.18322546630585806,0.6176025776428749,0.17795841036649543
667,-4.969507372926696,0.5585924653556763,-0.20310517994449678,0.3864897712738751
668,-4.861058724148496,0.20669820394890256,0.18437144753739543,0.30208849755341166
669,-6.12636612245804,0.7713952607721295,0.09258594343901841,-0.008044205865739097
670,-5.999163710976722,0.01797455470176777,-0.3093413611632289,0.1387417583008749
671,-5.939146086351349,0.6578452472741637,-0.6387220422797114,-0.0032347297950262068
672,-5.340906362208301,1.5156369105999354,0.24639323835278218,0.22854985826372376
673,-6.0216878764861175,0.3601851476837599,0.07387688601241421,-0.32967992997350354
674,-5.910491350598753,0.8512853393959732,-0.3706298854555804,0.3706137585864561
675,-7.225698566282374,1.3443893428807652,0.35365290933303617,-0.5800633763801197
676,-7.468091092135174,2.3638957234781404,0.24470105436389844,-0.6304125879516905
677,-6.038110418794878,3.0691597002785014,-0.30458969060727314,0.5870594232188096
678,-7.20029539034129,0.32232681327010265,-0.5389171676370488,-0.009769503104674091
679,-7.585172020649552,0.8923853421378722,-0.7239227881658123,0.19216153607806902
680,-6.481183132435491,1.222618830538587,-0.059287977478430766,0.1549247759343573
681,-6.810446129555232,0.5372024199169341,-0.3408375833775186,0.07724032938877129
682,-6.821593437712766,0.6824383163472211,-0.19412597402257803,-0.16492702312527013
683,-5.732954012535053,-0.5025589022519243,0.22952799957290895,0.2413247318906357
684,-5.8672065578356,-0.20738437632550047,-0.5347760598131971,-0.1853217569523282
685,-5.176665966918349,-0.5619225290465809,-0.037334561066366255,0.48047364029851897
686,-7.906658571090897,1.0561090176092782,0.33703963550559435,-0.3346041336703992
687,-5.193952646279755,-0.2726734925861651,0.13791627697560768,0.25962442069229996
688,-6.865059119724526,1.1175785708473107,0.7125615037004637,0.42931609344663774
689,-6.385087468157058,0.10513894706071741,-0.2750549228418055,0.1418425121701348
690,-4.426465458955932,0.06298959636758888,-1.128664469694343,-1.3125593094462
691,-4.294123403402887,0.9523107079653729,-1.9764912149516798,-1.6283155154681264
692,-5.5117422509464316,0.41641538343492523,0.040337266022026565,-0.07415641216463448
693,-4.818286218067036,2.2714733926254604,-0.9957378867893505,-1.6448789547868925
694,-5.104708026227761,2.3278365471578044,-1.9626650336476417,-1.9126301646052497
695,-4.100714113169481,2.7258880865978763,-2.5846940825487272,-1.9605728105334013
696,-4.1989979878535735,1.1099709971337275,-2.0442608057504064,-1.251018138794031
697,-5.437465508378502,-0.13696168976118003,-0.4900506700056432,-0.6562918144228822
698,-3.5799519010430765,-0.5228066338848002,-0.438602892561607,-0.0016340384904993482
699,-4.060168030744729,-0.8943965163596195,0.14944424848041885,-0.12321857388567278
700,-4.724920182987225,-0.18215858555894557,-0.39851806192139894,-0.38382539778025115
701,-3.9483085217756186,0.40364635853928527,0.8264339081982975,0.35291457134599463
702,3.198324439309503,-0.03777389904780588,0.394094407933585,-1.708627469675113
703,1.9537786795640142,1.3904332962374837,0.7154312581397393,-1.371242996568615
704,-1.2045997313663683,0.0825784461405756,0.9786331710170353,-0.25425707288741917
705,-0.15638676068722812,4.104461344567126,2.1547238429469955,-0.6144420185628052
706,1.0776093155909212,1.426324499196188,1.3178989624820108,0.7391610391009865
707,-0.686850316625486,-1.0375994038648202,0.1991994356960513,-0.12220806035844192
708,-0.6942584074994127,-1.4251454240729318,0.1363946757243356,0.09990637434577875
709,-0.5702439417246208,-0.4290030721704476,-0.5323310844856227,-1.3208542470707376
710,-0.9722308358375468,1.0086690287096822,-0.06377823611030771,0.8397997301779375
711,-1.8803627768121527,-0.9930104980068251,0.3773282858632769,0.23982861166067374
712,-1.8423254241241867,-1.3869858549125769,0.0027357260810218624,-0.3219658680661336
713,-3.077085450238788,0.019119195381253645,0.5243444401578758,0.6018448315339292
714,-2.015427991641567,1.6923086482029446,0.8356116624087556,0.3286858361307405
715,3.2747875882070225,-2.200300523271134,0.4722568011937321,0.4681792161801889
716,4.6838599868587165,-2.091308381777598,-0.1763927138594113,-0.07394285535122044
717,7.56402681549532,-2.329241593058422,0.44133905454943057,-0.5877497603353531
718,9.634916803758765,-2.6375978431882805,0.7767230796834206,-1.2532180722092643
719,11.466899541685207,5.158813752775188,-1.2362183789000156,1.2305347986784283
720,12.747471796621348,5.0335096806858415,-1.9824437250393747,-1.1217570682908906
721,11.752036751491424,2.8144488168980692,-0.005560756870695283,-0.9995609204349467
722,10.83722014556846,0.40992415541386645,-0.4317613359324594,-0.20972866304278256
723,10.614698404887823,0.8355243570901707,-1.299526883437381,2.2286100708939034
724,8.763587243000325,-0.42505979047189435,-1.0792616180553185,1.4406489598594285
725,7.391230178909883,-0.768631262988168,1.9926216026468277,0.5641503859128371
726,6.7071585838934,-2.45450934647152,-0.453244039588836,-0.26668391200405384
727,7.757452918571405,-1.5174411049409238,-0.8218878925851895,0.10939736258304068
728,0.09603071334727147,-1.7176384870562729,0.31487453621038813,-0.06195303153446117
729,7.890157091521759,-2.0040596768241725,-0.1176490315563637,0.5447062441530887
730,13.514733102497583,-2.6298281890037853,-0.3014348533427129,-0.9106073871344126
731,17.71718274484283,1.553651187807588,-1.1443776254097575,-1.1269089138653139
732,15.22290911705014,4.695963981011967,-0.6774034412131915,2.234191177376965
733,9.479678407930026,0.6185688885870712,1.934373435352085,-3.3304761202000637
734,2.8719881051926497,-1.6709415699386423,0.6747127902365996,-0.029242671758997467
735,8.85926789401073,0.6912345517739601,2.9399279580443616,-0.5162879361738296
736,5.6380312307301494,-0.07202822693606269,1.8298012740149119,-1.2812047323552018
737,4.552714818756313,-2.3741882459196977,0.5158625786005727,0.4581577792770307
738,7.462795027414436,-3.10280287293473,0.9687915981529697,0.11372194666622323
739,7.633751116078302,0.19053484492419462,-0.30040293421464637,1.7669311725910093
740,4.6846135510638724,0.6762687517822474,-1.7638375074751205,1.5557388855934964
741,3.983194740959621,-1.508779145929589,-0.897117250727631,-0.6301464861317655
742,8.937280094508683,-2.9813576673561664,0.42810775237108684,0.34529759027928797
743,8.223669733518381,-2.1553153083029213,0.541676306060855,0.21205642561908553
744,6.045801339125098,0.010601593597116958,0.4597569051376753,0.08334421059834705
745,3.5565613257732065,0.16790175687177195,-0.43982360688747424,0.2494807662310074
746,5.151180715329668,-2.030202444521931,0.13607203905173018,0.5650925773416584
747,6.115312216821407,-2.3270296206056713,-0.6138019388310255,-0.34541797123971957
748,5.4385881851844795,-1.8242881609949748,0.6266316573227216,-0.6498449353481505
749,6.972365981970628,0.2635729687454121,2.039039002926127,-2.243669675975159
750,7.707174889935805,1.4930797851318884,-0.641184680908179,-1.5410584065472321
751,7.459403181726385,0.11114995560755986,-2.286661066741592,-3.740316145501607
752,1.3163695121460357,-1.689283723726898,0.07908562315687367,-0.10663356768368139
753,4.256284546255001,0.3548628497513394,-1.184734285663522,0.741737361551578
754,3.337469642100448,-0.822561824842683,-1.511494535730952,-0.5646369346458423
755,1.3073126973389853,-2.022354969846346,0.5433820380809018,0.22751982912414406
756,-1.8383017273940394,-1.5446335041544352,0.014740025962772867,-0.06540115849723371
757,-1.6110772311517594,2.45424795849721,1.7069280598943397,-1.4026534490334652
758,-4.585954149390538,-0.28209495600288814,0.08545894295399595,0.41399904506399876
759,-4.618832123546152,-0.11645913562653792,-0.2459980708798291,-0.41712135309094417
760,-6.243586371299779,1.2903757852618032,-0.1854415461049598,-0.16791585900232206
761,-8.26396691786987,1.4309694687007692,-1.0792067655458533,-0.8714893974177096
762,-5.654368773463514,0.6366150739426965,0.21162750111244188,0.45421512679861165
763,-5.2453036775619655,-0.4551338544701575,0.19116974643155615,0.07076552043985218
764,-5.606545926835442,-0.5583754777106877,0.1343530807645763,0.14485780867825648
765,-5.91996416951713,1.0662746792639581,-0.9431759013147285,0.18108611298424435
766,-6.128336761551766,0.9393139516365595,0.42551479751572074,-0.00042364019592021617
767,-5.429883471427515,1.6576278581949817,0.7380190631008281,0.17689527121377124
768,-5.938612166874356,0.04929235082553982,-0.12130698126995328,0.05032906735703904
769,-5.666192823718425,0.20923318035429633,-0.7508079105119683,0.03144250351064804
770,-5.436751016538092,0.38233097235085733,-0.3140523513536443,0.010047432742756482
771,-5.804859642497517,0.6336084724242828,-0.2219589562145303,0.11594362414780728
772,-6.312850219813402,2.122347287178076,-0.9931873476521574,0.4067922628954404
773,-8.174233425282305,0.9723808954310681,-1.372328097262821,-1.228956103851291
774,-7.465360949815668,0.5085168457487855,-0.7659864695856502,-0.7290297953091742
775,-4.859738738360496,1.6116876314196085,-1.4287217982513754,-0.7825933321088946
776,-6.243863597840435,0.3993243620612573,-0.678772958674779,0.42274581535177025
777,-6.507067520200923,-0.09097530293514683,-0.07194031698721202,0.1497920924213045
778,-5.80520750883709,0.1353237780101387,-0.21365735957247686,0.2502657106907797
779,-5.830621080483788,0.33513561645967765,-0.5479634253887704,0.3358932214058522
780,-6.948863532990608,0.4529764673619744,-0.34663567822184205,0.36473188400057194
781,-5.965514450916832,-0.2611251404246837,-0.16740544926554812,0.17140237943703235
782,-5.081174130618691,-0.6572965216864859,0.47250033518494416,0.3166374984813315
783,-5.353441816886536,0.07084178779297277,-0.035609624749405495,0.42059222465789065
784,-5.436858930463488,-0.333182891289388,-0.2092549041388121,0.29423942147498827
785,-5.856311575457834,-0.29749584124251854,0.014408832081909314,0.1628613610999394
786,-4.832384800066025,-0.33657231006392974,-0.04127318269346054,0.15168197222756208
787,-5.431605441942078,-0.2992449767813656,0.3072367068967201,0.18136512698794457
788,-4.890188939724779,-0.6380218014549807,0.08612789215884603,0.1327793959472201
789,-5.3722151421612985,0.01478124229037165,-0.7072279040369238,-0.11773630854527911
790,-4.0631932908617046,-0.15490754901427045,-0.23039868621223888,-0.9905902280209868
791,-3.01232456656282,-0.3552211927057558,-0.9084872041176729,-0.5772395421385654
792,-1.192304576153578,2.884877375531071,-2.122784557736772,0.7515066788833588
793,-1.2683113711514171,-1.4998736751053376,0.42040041038208,0.08169574033330608
794,-0.3979021841447656,-1.1931971521543268,0.8727872677712288,-0.16250728896598146
795,-0.854614852186118,-1.5382972988136816,0.014775594164398591,0.1618054439995663
796,-1.7423450694275615,-1.4286795537920793,0.0936065026680045,-0.0980401013562541
797,-2.1057260756293945,-0.8440496270871692,0.15588610729852195,-0.032636543992981715
798,-2.146198556132343,-0.0585873187943745,-0.17440794128928594,0.5453358073579226
799,-3.0910167593249795,-0.8389054252651165,-0.004157538079440863,-0.32619961593284275
800,-2.385931319202705,-0.023830991459792093,-0.9659685247272765,-1.245957673006928
801,0.6967154532244897,-2.0069927219247683,0.27238834254789046,0.05446865863978514
802,10.265244428783406,3.7862016127606926,-1.0212919618203693,-1.9842898246923346
803,7.784774695319041,2.1912522969204296,0.28804415259516736,-1.2725025098652725
804,4.134640023707517,1.2144955771144426,3.0981125055893806,-1.70368886841405
805,5.875965167645999,4.773104357560106,1.0433928771453915,1.1941275912478244
806,2.146971579432786,1.6305127739569047,1.0238439520628797,1.6485557478502417
807,3.106482684646098,-0.22815817964332682,1.1049777622695256,0.6694891882722254
808,2.7896799992245653,0.09452726680403409,0.3912162462887381,0.3368869287391669
809,1.714870217252407,0.12003725111064845,0.15772166683531358,0.03385877338173584
810,-0.6902774630047958,-1.9112195580522402,0.30118573159486817,-0.08805921512932133
811,6.98324810114844,3.79558916922117,-1.2646554953908442,0.5953185665278512
812,10.222604257348946,-2.848963250291947,0.7855948062521512,-0.43225337989211093
813,10.485097246542482,-0.2850838886231868,-1.105173507574684,0.019395271178648987
814,11.111558535411392,-0.45775103912321846,-0.7551257287836523,-0.25660481885281466
815,5.768647044629525,-2.145020693623287,-0.0305436209546665,-0.42501065233690405
816,3.1910264998337565,-2.703701024598891,0.3696779289974193,0.20118206432378544
817,7.144337151548378,-1.1541026772697551,-0.5016801871578158,0.2947213389793941
818,6.074418136157958,-1.968304619497926,0.9380016734112311,0.5525581664964301
819,3.501672174202191,-1.78198191886989,0.708091823877602,0.47401256339841397
820,4.90553895853798,-2.3272620041612178,0.5374681040511573,-0.2799623092457296
821,5.613682001693354,-2.148474013350064,1.2002810287341865,0.5872441391704442
822,4.643876385592069,-2.2857066222119196,0.07831679458681284,0.17995564952253273
823,3.2147438238198673,-2.0658143196089522,0.48160302016121814,-0.650641203716537
824,4.461431675309918,-0.4965490719082583,0.29243561774424265,0.4816200905775198
825,2.5337079705576366,-1.6878525307289347,0.8914809882363908,0.26454219824173286
826,8.607452260691462,-0.8764857166880416,-0.04707621620947971,1.6998596109632569
827,9.886597302218341,3.426836550960552,1.4466535786539132,-0.47328776180276655
828,3.997061397020182,-0.48814915283082394,1.564028476777528,0.230235308201318
829,2.2857596280424106,0.38034418881891974,1.0440884387450629,-0.6424608025717262
830,9.506540084237585,8.222346558254856,1.0690216129360433,1.5886088223745718
831,5.103956158113755,-1.687787048918614,0.7865122544790182,-0.046472224841593544
832,-2.4357860846797723,0.47382808931687986,0.5163293400016857,0.17659483798203104
833,-3.438346459378444,2.719286704519839,-0.28255245891361097,0.7573539024989804
834,-3.7791076361899796,0.1884735347202011,1.5221954208741308,-0.49990917297281134
835,-5.057460784280847,-0.38420767810490347,0.33268034933266916,0.0669339037018411
836,-0.7150658908806345,-0.004194504603403709,0.6337366250722924,-0.18856991180800212
837,-5.8628651233249816,-0.5365021213820054,-0.23114851800406838,0.016955621635670836
838,-6.3331587447890625,-0.10184280537149647,0.22230783598739584,0.274231721357885
839,-6.10753519841167,-0.34301412940148956,0.060846847830704244,0.14014334906713335
840,-6.252557521767954,0.3024886857149266,0.6584118557229982,0.272407719571064
841,-5.942577303873977,-0.22201744134468399,-0.1361727462503792,-0.06849093185606966
842,-6.214875747990066,0.06112482845032974,0.13122505122034078,0.2836766063164623
843,-6.378041979186998,0.032492915356782885,-0.4204504106768235,0.007590235846489915
844,-6.042104239899114,0.029589812269662404,-0.04893306646341734,0.01665750959131458
845,-5.956582134951681,0.2634234411747994,0.1957580225885823,0.19688289714786641
846,-6.1341578416281894,-0.021992120527101807,-0.021169533165036208,0.12042682748226594
847,-6.520696141365005,0.020739002087823064,0.22715827052037257,0.25100901661448516
848,-6.849726456995322,0.09434520609082532,-0.015909591744967224,0.20549906586983072
849,-5.995034165982271,2.082038311287694,-0.6032296332257765,0.4846058108094063
850,-6.975006708275329,0.8860027559012681,-0.6238008809379879,-0.8480442481917911
851,-6.427075063799714,0.18696583147040224,0.11704186168787895,0.19959280434359786
852,-6.476522952414212,0.04714472486221992,-0.01686910661437833,0.17586450230725767
853,-7.132268088119422,0.35413529192031606,-0.35634410110890613,-0.384367824914934
854,-6.778852581419389,0.3256270735578053,0.050909766235571065,0.34967632458463194
855,-7.037411539869778,-0.14851471000399602,-0.3265429444916806,-0.2197061090758806
856,-7.111008681232707,-0.12485539288159339,0.3042951923456512,0.012382544183199763
857,-5.4513681945821295,-0.6581402685726212,0.10617291708066116,0.009537193412817087
858,-5.494707453980827,1.3096229073717773,-0.024530649726782015,-0.058636667439794565
859,-5.09626427188968,-0.01524401882428891,0.538282513908819,0.1249203606630806
860,-6.24129453522622,0.5993789468716613,-1.2724576407302195,-1.560558179115633
861,-3.7024122158628527,-0.5854855960303778,-0.42284314397583445,-0.5123823972085108
862,-2.2886358730998415,-1.1919614719275327,0.4861940922819219,-0.32877111097196937
863,-2.153772851321339,-0.9915415398172307,-0.1605093480734222,0.14098451172985565
864,-3.4163099161022403,-0.12403821221467934,0.1865375028828727,0.5439860422042883
865,-3.8820081013856984,-0.5556460087749963,-0.09680122004699793,0.35344485817262644
866,0.530293173874567,0.11867141631701661,-0.5647458508409584,-0.6347196584701537
867,-3.9249386756322706,1.18226157896611,-1.4465459079020555,-0.17883390468913368
868,-1.4075083108689943,-1.170128580458564,-0.5389651405061529,-0.3010153399989269
869,3.6561681402043855,2.4996714678507472,3.647176729505314,-1.87233435646434
870,-2.640609886265099,-0.4334733118308688,0.6042937414940538,0.1715907673312677
871,3.2251717151366734,-0.9990843749340779,-1.1644998676265226,-0.987241366639461
872,7.606257855344269,-0.3168803515577597,-3.9456864983890503,-0.9343347278022364
873,9.13925298807473,2.920773087389557,-2.6679641778523107,2.114439415550468
874,10.050774668607843,2.6040956744819845,-1.9306363001767037,0.2111621343641124
875,7.415347905918003,2.6891847231841473,-0.8624818679496621,3.1221834247107365
876,4.549525728823084,0.6773156151656077,-0.34654763525003013,1.3442675394002208
877,2.3553276025614585,-2.2495308038767408,0.14016164613577015,0.17867100845372696
878,2.6025573858843005,-1.4624347864890714,0.37277120302752936,0.6235813687246027
879,3.407895946520674,0.8195826058662532,0.3981736913587948,0.7841844570517658
880,4.689553005313376,-0.1083883664839203,0.7785444099528517,0.6797261387160146
881,1.4368990717625223,-1.929265244780176,0.42835338935094136,-0.08140894718409986
882,9.562623504672702,-1.4244105135872673,-2.0999291101101147,-1.9441754802476898
883,12.679354288933085,0.44960318127241006,-0.6240466992557516,-0.3955718546957088
884,10.396819326450135,0.12436072243432172,-3.7482799704779284,-0.15539467553634612
885,8.80358483676205,-0.49936161197247353,-2.0278077994818062,-1.3260621929303658
886,10.72976497462342,-1.8164410132021753,-1.5193913546262663,-1.207181459669591
887,8.45059887992401,-2.454682227327943,0.2496844700267959,0.5668170276610968
888,6.294760326912873,-0.8814721354131804,-1.550400941180302,-0.7079541632451389
