file_index,norm_T,norm_Td,norm_combined
1,35.11964781780003,87.42088865893336,94.21147189575127
2,38.867776283707315,97.56797248429596,105.02482224663204
3,31.678265236433706,49.44081527444094,58.718878594462595
4,11.239625868083346,11.9552782333034,16.40907880687354
5,35.41905367114156,59.99375939567716,69.6689351819418
6,40.028130215549254,70.86399080243085,81.3876919503187
7,33.922518043819274,31.612353262248668,46.36893474310627
8,33.82234966804489,118.61088137171313,123.33893349969466
9,34.19608020124433,65.55805810874217,73.94072547736565
10,27.571354562250615,70.78615826000517,75.9661753256529
11,39.29357691751389,54.17705140950065,66.92636316430362
12,35.671610731082204,51.50573541315997,62.65225129714255
13,35.81726279434567,58.37619858180522,68.48837036272346
14,30.894332387942583,30.43033234857597,43.36432751169408
15,29.71042316678601,123.80308323504165,127.31815527744716
16,24.357530015017062,6.761127129317547,25.278491024807057
17,23.534114890454962,21.17193712700654,31.65604974388074
18,28.978203530213396,19.354326416405627,34.84718397333203
19,39.17067780220659,24.080927481417493,45.98079020471015
20,37.10646740212268,23.412514674450247,43.87522953154937
21,45.03810609512454,59.510416530794174,74.63190119717112
22,49.54816828648662,39.60338749066685,63.43066514929436
23,41.56143316013228,37.60734076014249,56.0505557989715
24,12.078136750524754,19.391161237096664,22.845098412733023
25,8.81950874908675,39.16230454719688,40.14311686980241
26,13.265711202910488,49.3515781189913,51.103398679089096
27,13.491272108883285,26.941707444924766,30.13088155304864
28,21.716197102042482,6.867193404574945,22.776118234470857
29,14.804657175267872,18.052281244384467,23.346578597378368
30,14.857469418977168,54.16277755597278,56.163608058186846
31,8.518261055631239,147.09174759634837,147.3381925447701
32,4.96261584059276,42.66937606588631,42.95699256038921
33,2.441751106126782,22.267670020210968,22.401144537573824
34,4.103364578565076,18.71699598668327,19.161511934869342
35,2.0526279818544912,17.709592225429898,17.8281501682844
36,11.811082467762665,25.990304412964644,28.548162682366446
37,17.936631399943547,33.61065513335973,38.09722935425988
38,17.25844830930627,35.803728814071434,39.74620780699167
39,21.936467747044876,38.21943481034712,44.06737812077675
40,21.497207912077755,35.02513778442847,41.09610960703334
41,18.96427215985964,38.21344544415584,42.66041527302216
42,21.119585517593208,29.605734096945532,36.3666933313159
43,22.171622836477795,30.07666496907277,37.365580884884864
44,24.929580022918657,35.185715935094535,43.122135452505944
45,27.79280859543692,31.326305691460384,41.878128395349954
46,21.594822569425222,35.33922492064668,41.41493908962094
47,20.956210786540403,35.29308634890303,41.04588547663502
48,21.564126898734116,38.679321015556916,44.28432502736393
49,23.190055030656016,34.80731995336283,41.824970707229724
50,27.86866306184603,33.07237642624047,43.24863539273404
51,26.986600837527327,36.609224557071826,45.48089651088841
52,24.784181562645628,27.028008775768075,36.67109098613211
53,20.101608419293658,42.263771081033234,46.800651779997665
54,27.327836153142695,40.76793992802776,49.079889514833795
55,26.857429083184464,36.94180042436861,45.67294730529401
56,18.097491798709946,20.331928535514397,27.219598222193476
57,15.970992167177311,27.37842762160479,31.696228321923275
58,18.92464677991131,25.850140390772253,32.03704127985358
59,19.487325811218884,33.52781276019604,38.77976399819063
60,20.458199953170713,39.814276237255385,44.76287007800542
61,24.867689690597658,33.88616616335239,42.031824226390476
62,33.187666340439286,30.08022420201396,44.79108265232884
63,37.09432631933976,29.852784328543784,47.614890289196424
64,22.44965969103209,32.4798673175578,39.48327495547083
65,27.495862975884375,32.28107320871761,42.40389331529824
66,22.480605602512142,25.532834935977164,34.0191606028655
67,18.864370135719827,29.746145396718024,35.22353796227923
68,19.439580665436246,34.65609282115774,39.73590399219205
69,15.242250825776793,14.948760934848185,21.349277826735413
70,13.242700461055106,28.58019491164035,31.499153269390945
71,13.701731122856561,36.26142923427387,38.763754795882555
72,13.808332688602343,37.4946395600773,39.956451886763396
73,17.624467799285796,34.62970262211355,38.85663609866505
74,23.10113722282988,27.29398665338745,35.75785575818701
75,21.758706205924895,16.210675816343144,27.13350891754192
76,5.277573873414612,35.21411514052237,35.607396578791246
77,1.9506820486533551,15.033561666270849,15.159588939958327
78,10.068305462921188,42.704323401476245,43.87516395493651
79,4.571304953561022,24.560241581731827,24.98203945900896
80,6.283179208952532,80.46866940035846,80.71359920134896
81,7.457861290376278,75.82486809519563,76.19074954796224
82,8.686685549658305,13.022597903025405,15.653963139809806
83,6.265082723143635,17.80446453907251,18.8745918909767
84,6.7154475241045155,18.07467253025094,19.281883272253502
85,4.638888704111265,19.746727719911732,20.284293038049455
86,11.246351084714627,27.467141606253957,29.68036860853768
87,4.938629108643338,20.146024139638925,20.742525065855737
88,7.163843446751026,22.43947506761195,23.555268927344812
89,11.296730202062518,13.726728658494919,17.77749118751398
90,11.968873017942032,21.677143617066093,24.761915853070214
91,23.113853976041057,83.30281859461194,86.45004240272281
92,7.570172267385924,14.354540203792558,16.228380468185847
93,30.487507954418977,25.284090067668885,39.607743584061346
94,40.06136376727393,65.86523018692064,77.09177267691989
95,51.6275366609739,101.07106075695839,113.49344414642185
96,40.97494936327471,74.34863398799112,84.89208356026606
97,22.137886556798804,12.004894061216428,25.183397360616826
98,27.675817616708052,12.43705762227551,30.341906384620746
99,63.876410263230994,115.41438956713334,131.91162612624643
100,35.950953584523525,161.5314945777236,165.4838203696957
101,35.34884071519414,43.85144431529119,56.32485870772558
102,22.775226279754747,44.93917748493076,50.380954785674106
103,30.175939968171285,83.95670663100682,89.21499840995136
104,27.386420416281233,152.9195554042351,155.35252314734458
105,20.403504130263016,63.11042663467723,66.3266833997045
106,8.53913287831048,12.261003203303556,14.941518994562202
107,42.18388938743851,45.68222321287929,62.17994887037923
108,31.924878192792303,102.46711279009344,107.32523958120174
109,7.050870733084712,19.9884896730457,21.195624489599854
110,14.43815535057813,33.84469597857764,36.79570322483018
111,13.920449390897987,27.45446174771271,30.781916462448738
112,10.539405858378016,24.176526877381846,26.37391756452536
113,20.546893778687505,37.87032135375547,43.08521885042914
114,24.13905967052039,42.173953405430474,48.59358545755154
115,22.750903009098597,37.35734900018793,43.73985724772377
116,23.395599189743177,31.764853004837025,39.45072810311636
117,15.465242020480822,34.488170440599816,37.79692594764697
118,19.887979175858586,37.79167137570919,42.70529406372215
119,21.977437569631512,32.10565905423828,38.90733999432553
120,23.678034168195932,24.215669583826184,33.8680964251506
121,24.27915398561542,33.131744315849325,41.0754160011562
122,23.632240382889112,38.27691919745835,44.984500983821206
123,26.018330490719567,31.799988031861954,41.08762295814727
124,19.31229373353068,35.28067235659825,40.22052375571215
125,31.23635438585861,49.75385785397333,58.74654208268203
126,21.67582103130178,40.822744412745195,46.22053308616575
127,20.300317069226388,31.033737513274964,37.08363166080116
128,22.522864057218143,32.21363210497983,39.306456196595946
129,26.171692266493906,24.35685864278588,35.75211936426581
130,28.533857377460738,27.450378873551525,39.59424601048483
131,25.363957677624906,26.88972445865597,36.96468085260292
132,18.798193585223228,38.747270425538424,43.06649564913928
133,20.128703943947038,35.11723713527065,40.47696958120631
134,26.95419398955883,21.611921476443836,34.5485704990922
135,30.245887702694194,29.180157163204935,42.027316057456346
136,28.721251136214104,34.506952116455864,44.8958796683711
137,22.967051618516336,39.1923569401067,45.42605312558338
138,23.088433667044054,39.87911621250175,46.080578111474615
139,28.972709368332918,39.55757117508794,49.0328392550751
140,28.748846651145044,43.64387031550084,52.261683860045196
141,20.65301053380119,34.49481390564445,40.20496275951944
142,22.321020375026826,29.05085756401154,36.6357786294607
143,24.368392913951222,38.73894060026123,45.7659708958444
144,27.89764262922718,36.015443289543164,45.55645530120153
145,15.278056141606758,36.556822520053615,39.62095748753161
146,17.091424365664956,33.77740713543513,37.85538296781833
147,18.029297809288177,27.527892303025897,32.90654090212151
148,16.4559997550456,19.27292315698748,25.342562912089317
149,18.35641181859259,35.02683928843196,39.545383110944904
150,21.259867318472434,40.18525836555456,45.46247846637295
151,34.17964077003369,23.652359178165486,41.565393512650616
152,11.698394778519654,33.49663469001424,35.480656363015065
153,12.628886276653407,28.1084251305605,30.815131541321872
154,14.966050546849702,27.67375119585611,31.461391803621904
155,16.873351465966817,17.467595722297002,24.286351928843754
156,14.236578220065606,11.706503526843793,18.431559463052835
157,16.09739926630339,12.876008386626031,20.61353572561604
158,8.633455894336215,27.81386361027587,29.122973227513654
159,7.389207236794087,22.381235457908147,23.569473566683982
160,15.849615083662545,15.91337978028095,22.459874316917222
161,17.7719413618033,95.80007561840866,97.43457491188735
162,44.12121115937118,58.8602832305841,73.56095578603095
163,19.146792339500657,7.792690802015686,20.671857362795947
164,6.366346961346295,6.006086807953077,8.752339822979405
165,10.240950993738217,14.541070046043782,17.785381506734666
166,9.492947901238342,13.601821527719128,16.586910765044497
167,13.1278776949585,8.100704041534271,15.426035742935335
168,14.994778115398333,8.313142272347875,17.145019835810224
169,32.03415545183078,23.47712047178013,39.71602071152821
170,31.493366903456106,24.281677908812814,39.767223199301114
171,36.25192059667642,39.7767859850811,53.81816097053742
172,32.875511590565345,33.68817240424278,47.071140014656336
173,30.193377171077483,20.073435914020283,36.257176591527674
174,25.74144444479518,93.66953361204828,97.14218182233256
175,20.63978157321802,8.456860928116445,22.30513573479553
176,51.16920595231126,64.86367355952518,82.61709136387393
177,46.45904777438582,48.809794893227384,67.385749217632
178,39.472630911598614,39.759877135845095,56.02621190961234
179,28.30135970044783,34.83146971909736,44.87982000505938
180,20.832109487436718,35.1047112564638,40.820552888174454
181,14.326415340553112,22.421049437950533,26.60732294705834
182,16.262859489046473,42.753473301251944,45.74210399709803
183,11.059624271674606,12.269007746941115,16.517985353096638
184,30.99140150568468,75.53563674589934,81.64618414779108
185,23.547890688173716,49.34497205542385,54.67567487478082
186,22.830352461990472,20.037085819599124,30.37613868944989
187,16.367516359900353,25.42315194737912,30.236273691232725
188,7.14150871587517,22.200831828165164,23.321193807380283
189,11.956163949309312,27.859776980727684,30.3169429494243
190,14.667120858061102,28.47159482107504,32.02742802537285
191,7.941552706683862,16.76794864526433,18.553499970713336
192,11.737538044020807,23.381342952870643,26.162129072661298
193,8.643833277047987,19.320791795460984,21.166219533137102
194,18.35514494568248,36.468431589049615,40.82717046945827
195,20.78889851574598,38.89173762352445,44.09926934627208
196,16.175117564066873,36.601568148891474,40.01636189322227
197,17.746425494397716,37.808719714773595,41.76643274566933
198,19.5517061392488,31.573001083347226,37.13655356067098
199,19.465174456916642,29.64763199236754,35.46653492227645
200,18.912647581476957,29.497878555885958,35.040163781565624
201,14.345764712272894,38.56371894644357,41.14561196725825
202,15.841456618054119,37.72689763204869,40.917851272039826
203,21.07654664894813,32.85264314618981,39.0322556398702
204,18.573199011829573,37.60102522888094,41.938059323196725
205,22.887460244726025,31.984428177002364,39.329880272685
206,20.88972095895823,26.138301911003698,33.46029390985558
207,34.03628143733572,43.17852806553923,54.98048508323734
208,34.01245120126889,47.325659455542855,58.28005559040511
209,26.305452308659376,39.183546497830235,47.19456681982341
210,21.968752413966303,23.181558362301345,31.937606841010076
211,19.29691458507462,31.686600418358005,37.100021005066175
212,21.6007361105729,31.884496652808075,38.512503519266794
213,25.37907100432028,35.20282059824349,43.39741724013592
214,30.95548384841875,19.64727479356788,36.66411579601616
215,34.92474832870978,38.41535382538963,51.91798778220892
216,18.915862813690165,33.03895098875228,38.07075187625695
217,24.37718998093026,29.751264174957853,38.462775658739154
218,18.268111496399424,35.511297937377925,39.93464885086762
219,21.391136500454014,33.60206964201115,39.83314957428829
220,23.527231727847173,38.72319884911539,45.31022800520816
221,26.900069856487992,41.32503098333902,49.30894385461794
222,26.942548232689013,28.140701054128364,38.95895225860926
223,23.41668573166367,31.38465021652198,39.157852850596065
224,15.596884920036334,31.92830464436102,35.53420122462277
225,19.069246589748108,38.41844584456572,42.89071165896468
226,20.081679305015733,33.59091600685056,39.135961491814484
227,22.787178345907883,34.454631527593854,41.30831793562257
228,18.880382740756342,35.82449267665239,40.49522352052117
229,20.148475589159883,39.02606031360887,43.92031935412594
230,19.42628427222988,40.34940744860231,44.78230903022766
231,5.09270532349914,19.08511108238409,19.752901370151587
232,10.332295695120168,13.526356603468956,17.021123855245488
233,8.209156440303111,47.42006167089831,48.12538309804057
234,11.529053250248564,5.519155229421216,12.782024225196668
235,10.207541132756335,18.431654702054423,21.069404145174047
236,6.488326908437057,27.26379172383763,28.025215881979314
237,3.713868050853866,10.362594293481981,11.008005104943331
238,4.1594000380487675,7.3942486844615365,8.483838888391343
239,6.764377043752463,13.531486240344101,15.128050656402067
240,11.412327734191887,14.934348318586498,18.795637366513343
241,17.60632258961958,37.87517572748345,41.767350065781045
242,11.202779433892518,53.70516108597769,54.86115742777633
243,28.064372215929186,21.893976100516817,35.59431383471551
244,28.662346606228905,26.804959079755232,39.24329171008663
245,38.56155383829908,64.72240177412598,75.33911816470528
246,33.988948147362535,45.12465501125173,56.49321274320116
247,46.79352796055923,45.894436518629384,65.54337161268211
248,49.857206750736204,56.47932375968124,75.33694364212387
249,27.532074912435483,136.3011760452067,139.05403892117042
250,19.902628232013424,53.60439916380753,57.17994596232623
251,24.506769094922458,24.81748782264425,34.87820857353402
252,30.891709036526347,28.563236595090597,42.07322393143323
253,47.92135528480809,111.9750275115457,121.79845269355526
254,53.72917923410556,110.04649509338766,122.46246683580091
255,50.24169382837092,95.11484980358831,107.56887306234518
256,37.434104411877904,74.71449243794422,83.56774230155438
257,31.303951171022533,51.99218220537243,60.68874994094382
258,20.19203279718334,30.637789495414573,36.69321917804247
259,16.642828235786187,33.11035599167776,37.057784682594196
260,70.48927835210276,90.39287071632063,114.62813545957067
261,38.48531178699055,57.03854117357603,68.80780771505223
262,34.925656529606876,68.73929331198528,77.10312528721009
263,12.620582568720078,7.303634180688645,14.581569758404086
264,6.780338486372128,9.28441516373924,11.496667122364212
265,7.466391262062479,11.700344422256252,13.879663471339134
266,40.690407886671395,124.75937764800342,131.2273279660179
267,30.16268571369694,116.56499749343008,120.40426176056484
268,27.661663095245242,57.28464329845786,63.613661764014225
269,19.909936899118414,59.82743279328133,63.053368680519135
270,6.356505808446885,7.570708529823894,9.88538283205902
271,6.462144562565965,9.323448126895876,11.34398507238171
272,23.38440138034548,26.08087935598894,35.02916636031685
273,22.82758137205856,81.75480375882354,84.88195573230924
274,23.179037392281334,73.26522780243378,76.8443971892245
275,18.490560993776946,71.38958074596569,73.74532585153679
276,12.079175665616512,4.0286353700894875,12.733278749244365
277,13.200250320466443,9.919463766202787,16.511885717021674
278,10.683435824862087,9.672361206306803,14.411466695975653
279,5.595451651107586,9.101841723942819,10.684222103063423
280,1.907014547989771,7.376421577804629,7.618943481857991
281,1.828192098474251,8.42952836237254,8.625499102137033
282,3.3327983392411435,7.696146402901422,8.386788075594914
283,21.04725797888594,107.82688644412178,109.86184282390002
284,8.141121396351519,32.144151321055176,33.15907600855346
285,18.592065825333094,26.90571161941143,32.704468034206734
286,6.036240167525213,32.4891682217536,33.04515466905018
287,16.105289149802545,20.531601390367538,26.094577870731875
288,18.43540938918462,31.307140053457623,36.33182265829293
289,24.819524753433846,19.646292435860712,31.654156369451286
290,22.44148372344237,18.91549868798448,29.349894076890156
291,21.740449489476294,23.351536203004002,31.905193731502038
292,16.441451311665787,25.008884122450844,29.929343565872784
293,18.841437379858345,37.29860140455687,41.78738361365945
294,23.482770632126332,38.32164472358839,44.944287410993454
295,16.5131112498853,25.049988179365105,30.003079024283824
296,18.85644324647985,32.65216946864999,37.70583009187246
297,23.379131314498053,26.31387915211211,35.19948887487578
298,21.95178870684707,35.633536965412866,41.85247882856527
299,21.697480909977745,29.366159958566946,36.51235446463278
300,20.809969839672732,42.71835501036606,47.517498876937495
301,20.277089432215913,32.3501688723518,38.17975617931264
302,24.795291940121306,31.492411070361822,40.08214636743512
303,23.577985932649618,31.460854234910443,39.31547748445268
304,25.635414568326038,27.612722434909255,37.67806948819544
305,21.775379152816235,37.89660762269877,43.70720771860969
306,16.289066195899903,39.40747144821036,42.64132365998883
307,21.40770296574353,35.239984869401,41.23283012194428
308,22.303757791553927,37.48881988138223,43.621889318586625
309,25.205235610039622,30.10494562284418,39.263362733113105
310,19.099643224340824,32.63970822288122,37.8172834055003
311,17.95863104169427,36.070408102516225,40.2937559626026
312,20.70824234476622,35.40938430886492,41.02018769023928
313,20.907338543039746,39.46350834442985,44.65966072200011
314,22.525901156862208,36.26713258936744,42.693338229558535
315,21.093917341185335,37.33052482915405,42.877983077762025
316,18.58368066130801,38.06388949139155,42.358149984794444
317,15.179573770430386,35.7230602137729,38.814385102546474
318,14.729711116191488,28.59523305988171,32.16600291169866
319,18.533294249454293,24.306502649507287,30.566142491118505
320,18.019884180780263,25.429386521552775,31.166808061642516
321,11.166421520488685,17.56042406642834,20.81003274783652
322,5.708932718120318,10.903971266479724,12.308066548416127
323,9.197053698933143,12.663331369459067,15.650743053088117
324,10.313874068962809,49.59878672389372,50.65980302757522
325,7.80629267731694,13.950746975544542,15.986292457589947
326,5.214722979235943,15.42438907863849,16.28204883297534
327,3.6138518695705026,23.921031246080833,24.19247116793102
328,10.901970000634607,21.8926364837325,24.45691072281191
329,3.146087810132412,47.67778651444845,47.78147334926359
330,6.438950796621272,75.47601967105385,75.75017909382537
331,7.082876143774538,55.02529778663913,55.47928019518965
332,4.562101629607091,10.056599486703817,11.043005230227646
333,3.1285335887986743,16.545034563631603,16.838227077932103
334,18.289706187186187,11.160719450288786,21.426035822373933
335,12.012922976352698,11.123796674082651,16.372207269702972
336,4.593394398708896,14.764910354260252,15.46291854312865
337,23.83946196345119,101.92568733733336,104.67648105422093
338,10.98065272978814,11.572062670834438,15.95266024304171
339,31.53412616143366,22.597760412708187,38.79510134585778
340,30.430752058638074,26.054012951018976,40.06048254459962
341,36.83134230623247,66.60750480884101,76.11246594966325
342,32.000622795282126,78.21600821245693,84.50907525217075
343,28.641589532752306,64.77829031587333,70.82773148428683
344,22.308059656385296,23.234595604517416,32.210184081099335
345,31.59872960489715,25.34729471609574,40.50882696484828
346,24.406607226231017,29.769314675491604,38.495383782266046
347,25.062168303261608,26.627063380894594,36.566552809243426
348,12.874788110579471,9.391779095113067,15.936300808648202
349,10.061395019478343,14.143320884377927,17.356992693910556
350,7.3418394085585135,8.926848710537895,11.558167406725639
351,21.83365377371956,10.929511974457196,24.41644259736585
352,19.562062937449042,21.787958399121376,29.28121304813995
353,7.026525950306649,14.50070790153571,16.11342907564969
354,4.62188970843248,14.533010806221517,15.250254672321557
355,1.9896999090341407,18.736464297409213,18.841815201728856
356,17.379758509865276,26.491509376512827,31.68368783628417
357,18.420126579776063,29.15063104096616,34.482754433216506
358,11.946020450086133,21.030699669587854,24.186726384243876
359,14.460998394125353,36.92903358982852,39.659475493677164
360,24.750360922895332,36.732544886517815,44.292891299322854
361,16.65553357101451,32.16528545958417,36.22171154475901
362,22.812976006249205,36.43205781181291,42.98519176024437
363,24.218587924626572,42.09806389419337,48.56734483891883
364,25.096965497600465,43.84989846564355,50.52396730894157
365,27.533663362112797,38.262889555275486,47.139700203303825
366,21.50876330216985,37.09035754874079,42.87565185372931
367,29.29748863449521,31.766839020381873,43.21429047936842
368,31.918384158974057,37.507925693889,49.25066230192387
369,19.259504090638142,35.53190134126495,40.41589428359458
370,20.491306412371728,35.21029310530029,40.73890498094988
371,21.37274785347831,34.492435539065085,40.57736388954957
372,23.481854874206505,37.62433954233523,44.3507433345849
373,18.027454175447687,33.40881505138424,37.962323785372575
374,32.328213373763035,47.76493075945127,57.676702319001606
375,25.714882761072545,37.994738228181944,45.87870234045179
376,34.53017770124412,47.892156162323154,59.042288183604846
377,19.523470562867967,37.268251142209145,42.072419065439355
378,21.289897430839986,35.14053526927197,41.08670042272358
379,25.143152107903628,37.846889138871084,45.43748579544401
380,23.42579031430049,42.34143158864968,48.389714618148716
381,20.545226344974793,35.965364160922476,41.41996794776661
382,18.192258266518483,40.20485237067361,44.129224046921216
383,18.735242982757974,34.53237573897254,39.28733006709111
384,18.089883298312937,30.945546327186328,35.84509332160563
385,17.078782162511875,14.990210359198459,22.724242710540533
386,11.800889044504244,11.270575564498376,16.318298189326242
387,6.8024054570123385,20.53855096807906,21.635729612610078
388,6.47644665292208,18.40252027718103,19.508898323590817
389,8.969822301470868,17.911715686731917,20.032155923970898
390,11.035985634481516,22.456365559309063,25.021617314989943
391,24.974153196260527,23.52385321906678,34.30859947800971
392,22.05849940332104,20.075456991909267,29.82618596737292
393,15.635282249662936,14.51058600298605,21.331178054122553
394,13.308193728589224,20.96678502641427,24.83372897213649
395,16.370125618965062,25.440427133878668,30.25221224199787
396,7.792851701086427,26.782974168055077,27.893659546962123
397,17.458043144836566,25.856281231550685,31.198245937424353
398,3.9044571034707696,17.398538307574373,17.831262448659555
399,4.037119428445961,57.527633365573294,57.66911594539453
400,5.611925586517254,14.297042314387673,15.359008032031191
401,2.0030700515597943,16.88374322469237,17.002149126178175
402,4.174436941521775,22.238124509049165,22.626535427650314
403,4.336025615296764,16.578731429108103,17.13637808683639
404,4.89599354205906,14.288674814892657,15.104204074681714
405,8.705676946398174,53.64798570644824,54.349748678851526
406,13.625345607019135,24.02265162578906,27.6177087037419
407,13.790467579203968,28.734620430507007,31.872486682692116
408,15.68795399362922,47.82244258730092,50.32989087532299
409,9.410565507962872,26.80175777621202,28.405861421094098
410,9.111968584245432,29.727902078886064,31.093023871796614
411,4.370700983486846,14.594533277162926,15.234941045677493
412,10.86425431171769,15.787762958871756,19.164693605565407
413,8.35208961886182,33.71051896378095,34.72976374536594
414,5.292314634448286,7.179103796336573,8.918975586275012
415,6.469525011318029,12.279134942938928,13.879189775306529
416,10.77783670768817,22.97488213562208,25.377292472667712
417,8.008309637770525,15.2278119745098,17.20521086140569
418,7.730402384545035,30.323107978544957,31.29297043275816
419,5.097219238841374,9.927098281283964,11.159252853801892
420,24.847578881285575,26.485147544218343,36.31618395014438
421,16.642219825546047,19.0058981062905,25.26237604716735
422,14.345605340786657,13.803806361195878,19.908326465351085
423,36.15165413758546,91.13105744266228,98.03984765135762
424,40.8963986699154,92.8892240734718,101.49346468192083
425,39.76695748875572,99.47809561632953,107.13217264372129
426,23.784531964213283,42.18462744146597,48.42774776026619
427,19.299363766767616,18.70544996268282,26.876742736210677
428,19.153014396819216,23.811827413795026,30.558813544853543
429,12.964636830691777,8.019749830387488,15.244612015191791
430,17.344446424520026,13.33958053051774,21.880910184524165
431,27.962403229803876,25.503279483121176,37.84591469076069
432,19.1286200417217,24.698901338330018,31.24003572374906
433,20.261569743557587,12.954133268424032,24.048716747659086
434,16.420183129814255,37.85667765550044,41.264396967956564
435,17.255229889224026,10.184290011676865,20.03653466974545
436,22.427106880811976,27.324661248436975,35.34985481420252
437,19.378975651983982,8.459414839163891,21.14489055874384
438,46.070626984078125,83.77192317903743,95.60459080933622
439,42.82494045091012,120.10551178635903,127.5119974201927
440,41.942693408766495,89.76146170913655,99.07729073073493
441,37.092747167023546,77.70876264244058,86.10762848793307
442,46.235056877189365,92.61065933060897,103.51045698907451
443,43.03329189982638,90.01469025877746,99.77228409793629
444,36.69478095047611,33.37249586081561,49.6007099645114
445,26.330384408452698,24.75094545598244,36.13721688317886
446,17.059902196198014,18.478754186862506,25.14964451522785
447,17.479514202703943,13.912140115814395,22.34012218777196
448,5.975043506064296,13.314837916206859,14.594041716886412
449,7.486313870496003,7.713549076816646,10.749127161218244
450,9.944974080200922,19.481131662302406,21.87274560497217
451,4.393675658524397,17.30761488467394,17.856593146188235
452,11.274725110286345,15.879323510243369,19.47491569828966
453,22.54652750467499,105.03783020036198,107.4304038702226
454,9.141250867477506,43.72752909350604,44.67280233033938
455,9.911952432449448,47.193595249564304,48.223254075216026
456,6.4714394184871225,30.481995984006428,31.16138006116117
457,5.104300692415424,26.637523293536695,27.12215944153973
458,21.107895647422097,37.20714808438737,42.777507258324334
459,17.27020551673931,27.83081428161754,32.75384286107967
460,21.744790838274195,29.042484303954616,36.28087406810568
461,19.486769687478212,32.75894675151133,38.11669955703372
462,21.439745696172672,27.449292909305843,34.829963777434834
463,22.103884687814013,32.341379442957745,39.17328863607891
464,24.585803801114107,35.01206252777645,42.782078853134344
465,19.10849335254284,41.207607980503674,45.42247762594027
466,19.295736207531515,36.51837382246633,41.30274884832772
467,21.329033892914065,34.608611443532695,40.653212331309064
468,24.19975637501025,35.99732227487144,43.37551636085506
469,20.558045448105112,36.52328928058019,41.91162001783394
470,21.03770729028748,36.0763132096775,41.76224973387529
471,21.414106495912616,30.0702650083675,36.915915195098954
472,21.895659889346046,31.587987053193647,38.434630843324705
473,21.421955492521725,34.94560785477709,40.98897029035299
474,24.683676498161564,30.302330832473178,39.083438172025616
475,28.17582054815427,31.833510867218237,42.511754582645665
476,25.01575786399676,29.859654599477853,38.95365341415661
477,22.337834761624766,34.17213973134239,40.8254087016412
478,24.332532134804897,34.42680803939912,42.15776597345913
479,23.14932005470125,24.931873909457174,34.02189523868511
480,22.252447182694297,30.25461888594896,37.55680190794497
481,15.537507316123945,36.805796220656546,39.95097957541342
482,18.981914679800347,32.97438424331372,38.0476425174664
483,17.953878246806166,35.26652442899483,39.57359586140775
484,19.146069267569423,38.92500084103768,43.37888494271551
485,23.75241896112299,27.836789697429573,36.593227066817114
486,22.712239939193086,30.35464915669134,37.91108767209534
487,21.787293985921206,37.56332279023514,43.42452530854376
488,19.563639827053436,40.77778917733894,45.227912769374754
489,26.23678997194478,36.16689221962072,44.681240368387314
490,16.683687714420813,37.12267010709362,40.699362054366624
491,12.634945603582935,26.54854945823459,29.401825262079015
492,14.994078820760688,27.690237863343352,31.489231057803206
493,16.47732932399568,38.5317710514105,41.90703714186586
494,4.541174527206897,16.047231774485994,16.677407283826398
495,4.791173349387116,11.89754735553362,12.826027254806624
496,9.28930083051611,9.619187964334463,13.37235532780311
497,5.634310560703997,14.64900902009813,15.69518782192099
498,13.982964501295823,12.163982274169836,18.533368852176256
499,8.839848757210703,11.086389616584055,14.179244013030539
500,11.380065018661458,7.87666298771866,13.840075854237913
501,11.564976345751628,58.31589647695265,59.451597621833955
502,12.068339876190644,38.278228623568076,40.135615280264474
503,7.26777343265767,24.40343898313476,25.4626857356412
504,7.665981726282879,19.926193110976016,21.349951937267004
505,3.71198647308517,7.9660997483313745,8.78849183743903
506,10.282446807054043,9.90461416242825,14.276907720037636
507,21.260937024354497,21.936997526617688,30.549293013691795
508,26.76655750567912,21.035777100035386,34.04339170686728
509,36.06653959299378,33.0873370650682,48.944531382682825
510,27.681945795397763,34.12129302471065,43.93805595036616
511,11.418143396918191,11.476912232906528,16.189302425812734
512,17.210691318801295,11.458642586848857,20.676275912364115
513,8.270708751203465,13.36795510721331,15.719632533736403
514,49.678200987762246,74.57890469030004,89.60991395032895
515,58.568234672459134,114.57493642853755,128.67654864135758
516,49.469918242609744,75.46341724339486,90.23303249354525
517,42.4429986824124,63.73157591841972,76.57102523931985
518,27.895933200021318,34.316907449163466,44.22480328926859
519,40.58376034644578,21.70798772240831,46.024757846337174
520,46.30149971581992,160.98661507260792,167.5127431226356
521,41.034527027982,145.38634586589245,151.0662833747064
522,30.72155419745309,99.5652797668427,104.19721122638892
523,40.287663509218945,47.543589271019464,62.31764366376066
524,45.56259777856432,55.65106578013259,71.92351102939759
525,9.18417692841675,16.131214280012408,18.56246696967132
526,14.112369485513629,17.0856299816272,22.160273562497697
527,17.715223511316925,13.156449574427908,22.066293514325878
528,16.160575014431164,11.668834306877333,19.93303486372344
529,25.53578238503481,22.11996576743014,33.784154089870825
530,37.03599613969525,43.86445286509794,57.40866864171229
531,24.236653739697097,25.448962849915635,35.143492920231466
532,17.854755384922044,8.32201489591122,19.698939610628056
533,22.171412274566002,24.8109765933588,33.27395500635556
534,19.624609551459127,27.651677510206902,33.90782460105194
535,15.238521263107968,39.84457153083158,42.659142170954965
536,13.000169513120179,44.08236191991331,45.95931940105382
537,11.830868016627642,40.24477687494709,41.94772346315279
538,33.55598437658507,15.697965245853409,37.04632505852157
539,28.43121937057854,14.862921789693756,32.081781107421605
540,18.512564164708994,18.486668741052032,26.162414894154132
541,19.479165151449042,25.880550404174794,32.39198611108091
542,16.398166005453206,16.643327116912328,23.364506968111918
543,28.709840443184344,12.552605415049305,31.334052418718976
544,36.3371649476348,54.40587054134423,65.4246765814943
545,29.733840737271212,31.118529251255552,43.04026193868547
546,22.526550017732518,29.050624743164693,36.76117862187742
547,15.960765176106024,37.99625466102381,41.212393685300206
548,8.54305141467565,8.042319965377523,11.732972253410537
549,13.490296905809291,10.301983046195415,16.974067435090078
550,4.951552531121391,14.751573911101463,15.560424329790752
551,10.59315989225597,6.201730727275426,12.275035662536087
552,3.8217045448254487,8.188800219684193,9.036696003841191
553,8.124538901574496,13.722684548479126,15.947419966259908
554,13.681474688224124,22.55868926154085,26.38327521069505
555,7.900309433223787,21.0239179105674,22.459296815594236
556,6.26608621122441,12.826729780363761,14.275462628754532
557,3.509367821216164,20.11952578377203,20.42329503945078
558,4.943954960508732,15.512452602604277,16.28124308520646
559,12.483306286629126,19.33108602395121,23.011384632637736
560,10.02957855557473,18.248153823601736,20.82276552171385
561,16.536016832325267,18.93496062807115,25.13906495209297
562,19.38426886997706,27.822848765422638,33.90959735896523
563,17.654153646049814,25.432837304009485,30.959624582519574
564,19.421622462046322,23.99127214327205,30.867143666215757
565,18.76562730757302,24.95644146020834,31.224553457231952
566,18.686929321945712,37.9556684793994,42.30643092015052
567,18.922047719561803,35.75540669778248,40.45359066912606
568,17.28153489299855,33.86256561820689,38.01742756296504
569,20.012358164078723,35.137036798620166,40.436441909185774
570,21.425374364265817,31.855620654797,38.3904575897614
571,16.46066577887357,40.6081111905351,43.817487517504254
572,21.6788921659576,38.08479304904059,43.82266339614091
573,24.305344794428255,42.37245226700204,48.84848510133561
574,22.448825558232976,37.5789935686311,43.77362820894781
575,17.705811359042517,35.22489206148145,39.42446926243925
576,22.24768826830907,31.75756915599962,38.77502845881555
577,22.011791973449093,37.69492594019273,43.65119044790202
578,23.096277249552625,39.91405393691735,46.11474519573267
579,22.973923148088478,31.196599877545157,38.74311537207516
580,26.1217617775234,25.786311154283666,36.705316798894636
581,28.985841329905384,44.14471000824402,52.81036280233654
582,27.13067100689902,42.726546050244174,50.61255819130493
583,19.538568546751236,39.03294733834609,43.65004740861339
584,18.880998206455025,37.10104834741234,41.62907495668365
585,21.83443517327347,39.34129285770461,44.994220551661535
586,19.17527303353474,31.86835883284713,37.192517938554666
587,19.46789789318353,33.93092437721733,39.11913441618898
588,22.136905592204,25.627510368488185,33.86461098086204
589,18.22399737718243,35.73444395457017,40.11314703617592
590,22.443892738095833,30.501648248280702,37.86923378022053
591,20.897803849780185,29.614708755193064,36.24567809268846
592,18.80246067969637,33.34295235472622,38.27904125420425
593,22.634937326887542,23.846167462811565,32.878261670237066
594,24.014884544217804,36.99054008732224,44.102321204488824
595,25.96025538537885,32.29770385320797,41.43762220330236
596,29.40921895496586,42.359231966269526,51.567496471259425
597,22.621208559468105,35.9357000341205,42.462849805839
598,17.73492796428291,40.04664939881015,43.7979656830032
599,20.82460017827887,36.06525848301962,41.645730177680775
600,23.281727174987886,32.22778892102998,39.757630701401624
601,20.506487211005638,35.6708188024176,41.145149553380485
602,20.275030797716965,17.359322927844577,26.69125261881806
603,21.100552643919684,30.124378766147196,36.77922671733497
604,17.78947652563255,35.83817508262769,40.01050197522031
605,17.190060594727566,27.02631225920259,32.02998185423042
606,16.315150059824024,30.705390200407344,34.77075076603678
607,12.784427993191711,27.50348089352426,30.329574022289822
608,5.408451019551005,24.019921855171088,24.621291362546526
609,2.1750091178003355,21.215621014480817,21.326819727577636
610,5.9713415301049695,17.807104272889177,18.78163683640764
611,6.485313085857492,21.25027823793933,22.21786693207591
612,3.964206231549973,23.25353625220769,23.58902031197983
613,11.642398206425604,18.327076973550124,21.712374038584848
614,19.323313924243923,36.02743381000671,40.882348855579394
615,16.639417282107797,52.333291928403135,54.91487641387871
616,15.764430718378383,31.327516138996575,35.07036559994268
617,16.094116862988468,21.86244665551928,27.147507645545577
618,13.701891516322403,38.775065672466134,41.12478023076998
619,11.427420576281449,13.471350629091473,17.665311454914793
620,3.6804884102795237,15.634095168182565,16.06147336535448
621,13.817315209445825,16.463601846569688,21.493449824529232
622,12.631871459261475,17.472012662599045,21.56004181455421
623,14.016407201762478,18.062628564419683,22.86303176531513
624,10.406123193978214,21.34194935675966,23.743761333763974
625,5.112356808750988,18.40791339342232,19.104645184868506
626,24.96411496508221,25.389321289658664,35.60652568756682
627,31.974247187460257,135.5304099520148,139.2510125814746
628,30.304269866450536,86.13210649905639,91.30765872643683
629,28.018064102682356,107.17971611661532,110.78133174366639
630,26.447486526237853,92.69808065431799,96.39711458622595
631,28.30090146004093,61.645381984971515,67.8313654847372
632,20.597719599119436,10.132891241287124,22.955207199929657
633,18.75409864056015,45.78009923171261,49.47255503292016
634,17.148892748980565,6.016793162691141,18.173781182754595
635,15.438398551264207,14.497335738613069,21.178217426066446
636,26.273306616479815,18.27229383799632,32.002552439854554
637,25.789064432805265,19.225687712713356,32.16679829181262
638,26.65406633887137,14.827905915099384,30.50091877671876
639,21.068764028766722,21.699915959697382,30.24531650285352
640,27.237150483760235,17.21676066289552,32.22234029673243
641,31.18942489439933,24.670458565920676,39.766968090315686
642,28.462878687967592,15.536912128329158,32.42732029769622
643,34.288412728609025,28.132321293230994,44.35225753885607
644,25.206430310506438,25.137504822710106,35.59857128748556
645,15.440537673729718,8.697506544112864,17.72164844868425
646,6.955716396840807,9.027186445208065,11.39614345775922
647,10.732085785045461,6.812565606743063,12.711755010373404
648,29.875754902295927,46.08573407759923,54.9222688574794
649,31.242948048916627,116.67942703655375,120.78994368889231
650,21.022717690114796,71.08383135708762,74.12736161149363
651,19.37432528153629,18.558597063280228,26.828827873613292
652,14.191966701596447,9.91867823145838,17.314505384746877
653,4.116340074163763,10.026779453489516,10.838845040643678
654,25.935607009203668,63.95218720446608,69.01114373179834
655,17.675501698131086,62.68652628394741,65.13082171928022
656,9.358196478964542,69.63303467156575,70.25905890993974
657,10.954355163982173,8.963725334019301,14.15437278449322
658,10.567499112477329,19.9219094365013,22.551153254065937
659,8.470811911124253,28.29592336301259,29.536654065738833
660,3.602443610418636,23.032946384300445,23.31296246958556
661,5.6639657916090425,16.89158131901215,17.815892566619215
662,9.38632566091151,11.893910381371715,15.151508623658165
663,13.393973638051026,29.2463872464569,32.16752549989698
664,15.261875285440107,29.618287983718492,33.319180967046755
665,17.58114048065592,29.927963319195484,34.70993357866979
666,18.037322166039726,31.705168717015084,36.47687917429204
667,19.893845332164922,27.47558021300914,33.921565266679536
668,17.87841682484812,29.1791680478021,34.22077784219533
669,24.466784609682534,32.4295721807707,40.623893227562704
670,22.412509533715685,37.0535219682825,43.304550267297444
671,24.704940728427392,31.8186818341594,40.28352777573702
672,23.094735553820193,25.12462903929055,34.12643835302548
673,23.331554568169963,34.44968328355079,41.606996009138314
674,24.231458159194496,31.13658328519684,39.454408919622566
675,30.12831593832697,36.17184750433213,47.075662216864295
676,33.89776701729945,33.40802468599714,47.593641615023635
677,30.657290480886154,22.514142234436857,38.03624666264911
678,28.401922788684985,42.7482708447737,51.323326843771085
679,31.435135207132053,40.9050195986021,51.58864559040773
680,27.0933563587267,31.711531620925424,41.70936581303904
681,27.138694886519026,37.91636075928269,46.62787978636437
682,27.496133327839335,36.736509986512345,45.88691005037753
683,18.865637153685718,39.47529802631958,43.751701903826294
684,22.04277214863609,37.735145527264656,43.701544731971765
685,16.913365445689074,36.97005969391602,40.65522407355717
686,31.805972657403636,41.84650149887421,52.56186435409982
687,17.752342313687112,34.53190816045087,38.82780368272379
688,26.783808203162483,36.80727322018069,45.52084955016574
689,24.2180047421664,38.41151269438409,45.4087663470659
690,21.162861506575357,26.88690526206751,34.21655128322961
691,25.445175749442505,19.92992669417965,32.32118418244281
692,21.666476097072007,31.070424745479322,37.87885267968773
693,28.279488958484986,14.381103453993857,31.726103326874988
694,31.46113347083717,13.31539140247832,34.1628828916856
695,30.225843645115923,8.40595528823736,31.372945484395313
696,24.59064572003948,18.20394370169656,30.59548043785281
697,22.026604404526882,33.474435923647576,40.07130097713213
698,12.40944760795043,27.41003512124903,30.088277040777392
699,12.5721015388365,31.623408695788527,34.03083476266323
700,18.245063077585645,30.037092568795728,35.144121225198994
701,13.937258959781465,24.660475191440042,28.326422717661305
702,13.193199846474139,28.875856718592882,31.747056925354688
703,6.523685472670992,34.09815055184852,34.716600398121734
704,6.186760326553043,20.875863896090504,21.773325348836952
705,12.462474736518462,55.70582195088963,57.082850978052754
706,7.903971953219515,25.50325270555494,26.69997511610593
707,4.269040479643056,14.245404436759554,14.871323215628118
708,3.039821138363907,16.825725564645623,17.09811549060344
709,6.996197656984963,12.6761365898273,14.478647053490887
710,7.553748866495312,12.477607663501011,14.585945802118504
711,4.613701390324421,20.029076039575486,20.55359159655991
712,6.528098463109036,22.251753996262163,23.189580105172578
713,9.755512020552361,20.91059578604664,23.074293725064983
714,11.081497742096879,18.819851809439104,21.840018643246314
715,19.691658654032015,8.993241060773752,21.64809010800031
716,22.68570815974846,18.146461004722052,29.05056628888972
717,35.02159669621808,31.340012458978272,46.99690006884993
718,42.82191838306541,50.394688287852134,66.13124300688516
719,26.686354513672097,112.82529042052077,115.93837878676864
720,27.82436304674278,118.57654762863264,121.79734326528772
721,34.36618615713019,96.01669759562168,101.98157170859639
722,37.71409258645038,70.72079812779224,80.14851257167093
723,36.759632526803976,76.15392551006936,84.5617582249734
724,32.93443452358235,54.12821513095638,63.36040286055028
725,33.46784546435597,41.25984725669335,53.126939265044044
726,30.214289826570408,31.13896771968432,43.38823135795625
727,31.970955056950526,41.07523099673263,52.05109574916263
728,7.250459795466187,13.350191633685222,15.191997363802777
729,35.92326140611414,36.809965582711,51.433979782361554
730,55.3627460045393,67.77849401563093,87.51547232455555
731,57.180498022511024,123.89338478596534,136.45211668503225
732,44.30500266863182,131.952840212512,139.19226020729815
733,33.935957817206486,85.23139568484261,91.73897777584742
734,16.95003384530565,7.212352617591313,18.420686133732463
735,37.65972406862863,65.96459803344581,75.95777123270094
736,23.517138589316524,49.26570165219248,54.590889044894304
737,24.625572936589585,13.222456892996627,27.9508892299055
738,38.20930444383538,25.24929401278934,45.79822916037232
739,29.475808535464484,50.01966841522262,58.058509429610574
740,17.40906363604308,40.6030845698228,44.17789009524991
741,17.56407476800206,21.039112967848702,27.406951616877535
742,42.15898585461748,34.61660487546763,54.54988012263716
743,37.660228173855344,35.97085893660395,52.078743060330375
744,24.5563729632778,38.40661843872065,45.586004354506414
745,12.414640814311845,24.822096024679762,27.75355396353412
746,25.607391538101595,19.110945292832763,31.952570027640714
747,27.483708705356047,28.043837630403882,39.26590217022043
748,25.351336454777265,22.997130689601942,34.22803353974561
749,26.790774129755516,67.44539486020821,72.57152930950937
750,21.749918349254944,62.49247633680181,66.1692416981258
751,20.364105248388515,69.16425674462121,72.09986958104241
752,10.526845910038922,8.072356555868643,13.265648313549498
753,14.060745970631533,33.419675710569635,36.257127600656254
754,11.958965661026161,25.71384764372945,28.358752093957406
755,12.342991355614682,9.381201357615817,15.503431056282725
756,3.09878825959138,24.793613205314045,24.98651125012262
757,11.513248869662686,35.57201095217688,37.38880665007351
758,15.638801244219012,30.96234439690486,34.68773378168041
759,17.78437866601173,29.274319653218306,34.25302783251281
760,27.041074078858752,29.383200277549403,39.93234460796043
761,37.268316820412025,39.124758383154514,54.03400926422937
762,21.683428809598155,31.55052938788816,38.28324685285857
763,17.78629290540183,35.82513163140524,39.99740331226841
764,18.846415105784974,38.86627089998096,43.19461049726305
765,26.030375863660723,29.57189385837138,39.3964132120455
766,24.27007085418428,32.50273417506747,40.56432013632453
767,23.220610437143225,26.4989265510614,35.23336284591795
768,22.154005885639965,36.38131227729255,42.595772792600535
769,22.772590176635962,33.52098572588097,40.52465110753864
770,21.384532798645232,31.026220875814165,37.681887225179416
771,23.199107902833497,31.43372091407154,39.067600617276845
772,30.384488020318706,25.192263045442374,39.46982682515409
773,37.100505629510806,41.498104286990014,55.66453249044011
774,31.09666919755374,41.22884216025394,51.641265099310075
775,25.29733156211998,19.691771531959777,32.05808556715034
776,24.628430581152422,37.43157702366653,44.807170758365494
777,23.662342022381935,41.11581845930895,47.4385598175475
778,21.64077525556115,35.65136814039731,41.70543374602216
779,22.925122764422188,34.11674607622028,41.103693466562355
780,27.007403005620706,39.88219108754008,48.166263951557134
781,21.295083358126973,39.2875186470464,44.687690661653065
782,15.534275252357205,36.88458291575487,40.022320828322705
783,19.425291332868774,33.02468620262744,38.31412066260739
784,19.099254791271203,36.30372466599365,41.02123789217205
785,20.35939879352825,38.699228442832116,43.72797046861912
786,16.834887140657028,32.65848073420473,36.74220718608343
787,18.415119844225433,36.056999755941675,40.48732974990032
788,15.89656859658662,35.47813322939947,38.876713217413354
789,21.09458461446221,33.51921046810489,39.60453219597244
790,17.336374949055994,26.15354624698532,31.377665267949048
791,12.568869691182709,22.841265344683706,26.07105459815886
792,16.268264847931626,24.871777853620987,29.719720300876308
793,5.185182318569184,19.618054510250023,20.291726847263238
794,5.005557142245493,12.120659477229198,13.113580306965403
795,3.7431737241061747,19.039357919536478,19.403826929682072
796,3.948046850484767,22.266993110643877,22.614288760053558
797,5.677157881717452,19.865721470921763,20.661002182231833
798,7.874718623299586,15.414354712488263,17.309347896398364
799,9.517153365956991,25.97668649005767,27.665220931593716
800,12.331711160083598,18.128605824256,21.9252696509525
801,8.992925193173276,14.551196787655668,17.10584787384394
802,24.033055327769542,94.84605740795836,97.84356061704503
803,22.47176508614131,67.1702916889156,70.8295722961866
804,15.85484074426456,55.06203837283042,57.29924994968994
805,11.622549141961494,81.54241135461068,82.36654963079279
806,8.757920542762962,34.384396909022364,35.482219815430604
807,14.807911096105448,20.809932438558874,25.540703183889587
808,11.257027691682698,19.102516595615555,22.172659126434947
809,6.848430097003957,13.185846539094733,14.858248340437248
810,5.482840033598522,21.914041495030617,22.589527429318977
811,13.579792696483002,73.7065564827917,74.94709626283338
812,47.15419405831079,48.38275285113266,67.56040845600786
813,37.41473546738074,64.58758241163825,74.64193346822039
814,40.57833567120948,66.96543002731414,78.3005117773087
815,26.71063753405001,28.571164175340392,39.11226891666674
816,20.271231346994288,12.445730117323459,23.78695059221791
817,29.148488021763516,38.58458108918788,48.35704965962053
818,30.758665178008158,23.250063171969334,38.55724213469341
819,19.722698005547134,10.391281137285823,22.29267907390507
820,25.43327529058848,15.888115343394137,29.988059309862898
821,29.29769012579202,18.193970105200776,34.487319334733314
822,23.609796914756682,18.632588524219294,30.076500219754998
823,17.976481350569156,11.592659683077427,21.390269756948122
824,19.049153429202477,24.541881414762916,31.067252690664198
825,15.845216218582962,5.14221091568536,16.658727745990635
826,35.68078402013051,48.26155219699617,60.01912835717115
827,28.845115347546443,93.20603488136956,97.56744138143799
828,19.437427747710217,25.25344738389288,31.867698414201506
829,8.772046192001005,22.79891025824428,24.428243967957986
830,17.05738581515183,130.8136203815481,131.9210282258849
831,25.233927366484853,20.00533275394173,32.201932068324204
832,9.532610444902753,16.50040781132706,19.056078291043317
833,20.13808392134749,19.492884819356487,28.02704020413024
834,12.601695580267615,29.63125270966692,32.1995942310129
835,16.86547489499286,34.254784571973055,38.18159909571517
836,4.769217242360979,10.230804555192659,11.287816217115875
837,20.474175272476685,40.39086775573436,45.28370624351896
838,22.243169331437063,40.35371719091744,46.07798902981257
839,21.358199286477756,40.3521932977257,45.65602020213674
840,22.41521523760458,37.70342016080437,43.86330774087027
841,21.70506858430921,38.23314546254447,43.96456998777142
842,22.488829764249,38.407722832745975,44.50730993176748
843,24.274186703437948,39.096068279131664,46.01889497804015
844,22.470661637373187,37.1095279834159,43.38257370849778
845,22.101124339784445,35.38796266259048,41.72250709738702
846,22.303068534986345,38.34569479013808,44.36010792383987
847,23.224475422169537,40.66373353145952,46.82857549992848
848,25.204980365258912,41.746727679763715,48.76556476840433
849,28.316512989449578,23.49179753625631,36.79251906795897
850,30.05496528904744,35.78747716555542,46.733761462148514
851,23.744692564502294,38.5591177186776,45.283727587573516
852,23.738207556948055,39.69719520638833,46.253322099832424
853,28.159485196660974,40.80035369293184,49.57444369843503
854,25.319381188980167,39.81969533107106,47.18770178820118
855,26.331137312157768,43.98639882725217,51.265310629526056
856,25.242342379000664,44.81587090219598,51.43576706437835
857,17.96171126606129,38.70234788234217,42.66725680438324
858,23.822527032616804,27.48250729641417,36.37033133636834
859,17.489385803495534,32.27570004470863,36.70966397502863
860,29.6686536181586,32.48996380864333,43.99803127187885
861,14.808007870077933,26.71199035249473,30.54189787279208
862,7.13462852240566,22.90060784094565,23.986261977171555
863,6.542154216103965,21.228158169317354,22.213385177609517
864,11.500388407855901,23.006378693164287,25.72066084113762
865,12.528007223156802,28.918947618586227,31.515972083215257
866,6.211673750557691,12.915862016575186,14.331935752527539
867,22.84041690775425,18.934630414671968,29.668246888891947
868,5.345978865334803,21.75314506552024,22.40041986816707
869,15.282177570061462,66.54619835404128,68.27841142453664
870,8.119500759701017,20.66012524824738,22.198357323460993
871,12.338110506058593,26.576224950478945,29.300592203540408
872,21.157684154627727,61.959990738765875,65.47280390463615
873,22.951142863669695,87.69706423285389,90.65059312442405
874,26.703089301687367,88.31312591146879,92.26192706912657
875,22.072210558140096,75.26726079603833,78.43687287661155
876,15.863692858270474,39.16320065301169,42.254148157188034
877,15.723998669519844,10.352238008679022,18.82585896970973
878,15.289626151485903,8.309483540066203,17.40172935529204
879,12.949071870257471,28.619837539032797,31.41295215451302
880,20.567852892061005,28.00494894578715,34.74642050694729
881,11.905982250719594,8.868722032918265,14.84609860709607
882,33.67346280062525,58.577705228895674,67.56663116412187
883,43.63806081348883,83.08789035894152,93.85029502277142
884,31.6505061144026,76.29548361575245,82.59997189744912
885,28.422800434266794,57.85038450421619,64.45558604040315
886,40.28233268247016,60.591457566475285,72.75981759440565
887,38.86259400999637,35.24940770907381,52.467341813992405
888,22.935375652151855,38.38179679377516,44.712344843722626
